place_id,venue,address,venue_rating,venue_reviews,reviewer,rating,comment,review_date,review_time,relative_date,profile_url,scraped_at,sentiment,sentiment_score
ChIJ5SiiPaVD1moReQEViHlGa-g,Hector's Bakery,"33 Stewart St, Richmond VIC 3121, Australia",4.3,177,Tanya Hickey,5,"Well worth seeking out, next level tuna toasting! 😋",29/03/2026,1774735713,in the last week,https://www.google.com/maps/contrib/108310331424401333312/reviews,2026-03-29T10:00:11.856012,Positive,0.15
ChIJ5SiiPaVD1moReQEViHlGa-g,Hector's Bakery,"33 Stewart St, Richmond VIC 3121, Australia",4.3,176,Leigh Cantwell_IBK,5,"Fantastic toasties and great staff, highly recommend",22/03/2026,1774137975,in the last week,https://www.google.com/maps/contrib/111442792125134030393/reviews,2026-03-22T13:00:17.844654,Positive,0.453
ChIJ5SiiPaVD1moReQEViHlGa-g,Hector's Bakery,"33 Stewart St, Richmond VIC 3121, Australia",4.3,175,Han Phung,5,"Best friend chicken sandwich i ever had, a bit small though. Beef raddish sandwich not bad. The place is a  bit busy but the wait is not too long to get a seat. Youngster vibe, remind me of my uni chill days with mates after classes for a catch up or a feed.",21/03/2026,1774076822,in the last week,https://www.google.com/maps/contrib/100815207618629139812/reviews,2026-03-21T19:00:18.738225,Positive,0.092
ChIJ5SiiPaVD1moReQEViHlGa-g,Hector's Bakery,"33 Stewart St, Richmond VIC 3121, Australia",4.3,174,Pete Hatemi,5,"Great bakery very busy in the am , good food and coffee",20/03/2026,1773982325,in the last week,https://www.google.com/maps/contrib/113048601702604777588/reviews,2026-03-20T16:00:28.267347,Positive,0.543
ChIJ5SiiPaVD1moReQEViHlGa-g,Hector's Bakery,"33 Stewart St, Richmond VIC 3121, Australia",4.3,174,George Aravos,5,"Great muffins! Great sandwiches! I think the world of them all except the HCT which has devon, probably needs to have xmas(ish) ham shaved thick and lightly smoked instead.",20/03/2026,1773980833,in the last week,https://www.google.com/maps/contrib/108123244131967733641/reviews,2026-03-20T16:00:28.268432,Positive,0.525
ChIJ5SiiPaVD1moReQEViHlGa-g,Hector's Bakery,"33 Stewart St, Richmond VIC 3121, Australia",4.2,172,Romancee,2,"My girlfriend and I come here and your other locations all the time. Unfortunately our experience today was not the best. After ordering our food and drinks, we watched as customers who ordered after us received their coffees first. We did not think this was a big deal at the time, as our drinks may come out same time as the food. 15 mins pass and we have our food but still no coffees so we spoke to the person who took our order. They were not apologetic or communicative. After a minute we receive our drinks (where they said a quick sorry) but in the wrong size – ordered a large cap but got a small. As we were tired of waiting we left, and lucky we did as our spicy fried chicken sandwich was soggy.

Both sandwiches tasted very good as usual, we've always loved this place but our experience this time was disappointing. We probably won't be back for a while",19/03/2026,1773894448,in the last week,https://www.google.com/maps/contrib/103301841024168946845/reviews,2026-03-19T16:01:37.998320,Negative,0.001
ChIJ5SiiPaVD1moReQEViHlGa-g,Hector's Bakery,"33 Stewart St, Richmond VIC 3121, Australia",4.3,171,Josef K,3,"I stand with Big Chungus 🐇

Pretty ordinary pastries, pretty underwhelming coffee, pretty high prices.

The atmosphere and service are nice, though.",18/03/2026,1773792325,in the last week,https://www.google.com/maps/contrib/105839245067280480249/reviews,2026-03-18T11:16:37.723358,Positive,0.18
ChIJ5SiiPaVD1moReQEViHlGa-g,Hector's Bakery,"33 Stewart St, Richmond VIC 3121, Australia",4.3,170,Angela Tran,5,"Love the vibe
The sandwich was great, the bread was soft and had a nice chew.
I wish the sandwich had a liiiitttle more filling, just a tad more.
Otherwise, the flavors and texture was well balanced.",18/03/2026,1773752770,in the last week,https://www.google.com/maps/contrib/103193477799238684213/reviews,2026-03-18T08:39:04.827046,Positive,0.5
ChIJ5SiiPaVD1moReQEViHlGa-g,Hector's Bakery,"33 Stewart St, Richmond VIC 3121, Australia",4.3,170,Sara Sansonetti,5,"Very good will definitely be back, thank you Hectors for a clean and enjoyable lunch.",16/03/2026,1773645614,in the last week,https://www.google.com/maps/contrib/114266837623072243944/reviews,2026-03-18T08:56:52.760476,Positive,0.444
ChIJ5SiiPaVD1moReQEViHlGa-g,Hector's Bakery,"33 Stewart St, Richmond VIC 3121, Australia",4.3,170,Mick K,5,Great location. Right next to Richmond station. Awesome vibe inside and very friendly staff. The food is made fresh when you order. Make sure you get the Hector Sauce on the Beef and Pickles,12/03/2026,1773287788,in the last week,https://www.google.com/maps/contrib/113632504590891467754/reviews,2026-03-18T08:56:52.761731,Positive,0.482
ChIJ5SiiPaVD1moReQEViHlGa-g,Hector's Bakery,"33 Stewart St, Richmond VIC 3121, Australia",4.3,170,gus c,5,"Cookie Monster, delicious baked goods.
Always busy but friendly.",9/03/2026,1772991842,a week ago,https://www.google.com/maps/contrib/104093448564458291829/reviews,2026-03-18T08:56:52.762702,Positive,0.492
ChIJ5SiiPaVD1moReQEViHlGa-g,Hector's Bakery,"33 Stewart St, Richmond VIC 3121, Australia",4.3,170,Lena Mishra,5,,2/03/2026,1772430467,2 weeks ago,https://www.google.com/maps/contrib/115174887890327956787/reviews,2026-03-18T08:56:52.763508,Positive,0.0
ChIJ5SiiPaVD1moReQEViHlGa-g,Hector's Bakery,"33 Stewart St, Richmond VIC 3121, Australia",4.3,167,Amy,3,"Service is great! Everyone was friendly and professional. Coffee was good.
Unfortunately the coffee and raisin scroll was not good, the icing left a sour/bitter taste in my mouth but the pastery was nice and im sure their other food is better!
$15 for both",19/02/2026,1771453090,2 weeks ago,https://www.google.com/maps/contrib/106341488953821673677/reviews,2026-03-11T16:30:18.215068,Neutral,0.266
ChIJ5SiiPaVD1moReQEViHlGa-g,Hector's Bakery,"33 Stewart St, Richmond VIC 3121, Australia",4.3,167,biya susan binu,5,,1/02/2026,1769923409,a month ago,https://www.google.com/maps/contrib/110216401331387415164/reviews,2026-03-11T16:30:18.215378,Positive,0.0
ChIJ5SiiPaVD1moReQEViHlGa-g,Hector's Bakery,"33 Stewart St, Richmond VIC 3121, Australia",4.3,167,Geoff Boyle,5,Hectors deli still the best Reuben’s in town thanks again guys 😆,25/01/2026,1769300142,a month ago,https://www.google.com/maps/contrib/102838964792166988181/reviews,2026-03-11T16:30:18.215678,Positive,0.6
ChIJ5SiiPaVD1moReQEViHlGa-g,Hector's Bakery,"33 Stewart St, Richmond VIC 3121, Australia",4.3,168,julia m,5,"Huge fan of both Hector's Bakery and Hector's Deli.

The salad sandwich is insanely good and I highly recommend it. It definitely isn't one of those sandwiches where you think that you could make it at home. The matcha is great - really high quality matcha in my opinion and not super sweet. I will note that they sell out of everything very quickly so I would recommend either ordering on their website or going in early.

The parking situation isn't the most accessible and is limited - you will need to walk from parking on streets but definitely worth it.",24/01/2026,1769248115,a month ago,https://www.google.com/maps/contrib/104475848168942167299/reviews,2026-03-14T15:29:35.794439,Positive,0.289
ChIJZ_N3WQBD1moRAv4QI3QbxL8,Hector's Deli,"323 Lygon St, Carlton VIC 3053, Australia",4.6,50,Rohit sharma,5,,2026-08-18,1787031030,in the last week,https://www.google.com/maps/contrib/100488633987165097091/reviews,2026-08-18T16:18:24.965259,Positive,0.0
ChIJ5SiiPaVD1moReQEViHlGa-g,Hector's Deli,"33 Stewart St, Richmond VIC 3121, Australia",4.3,220,ron (groby),5,,2026-08-18,1787020558,in the last week,https://www.google.com/maps/contrib/104216161194118116233/reviews,2026-08-18T16:18:21.885665,Positive,0.0
ChIJZ_w0Oupn1moRyYfWpkBnSCA,Hector's Deli,"253 Coventry St, South Melbourne VIC 3205, Australia",4.3,1015,Minh Giang Đỗ,1,Overhyped terrible sandwich (I ordered a Tuna Melt). Greasy and bland flavor. Long queues.,2026-08-17,1786891395,in the last week,https://www.google.com/maps/contrib/115709765561022773900/reviews,2026-08-17T04:18:15.107250,Negative,-0.406
ChIJyT_pbABD1moRDAP0Mbql6QI,Hector's Deli,"61 Little Collins St, Melbourne VIC 3000, Australia",4.5,621,Joel Lofornk,5,,2026-08-16,1786877690,in the last week,https://www.google.com/maps/contrib/115607120675871804663/reviews,2026-08-17T04:18:27.425976,Positive,0.0
ChIJ02xRi2JD1moRJQh-pBNsBeI,Hector's Deli,"111 Moor St, Fitzroy VIC 3065, Australia",4.5,759,Karina Cheong,4,Tuna melt and fries were so good!,2026-08-16,1786864355,in the last week,https://www.google.com/maps/contrib/109386642279722253446/reviews,2026-08-16T20:18:19.254302,Positive,0.875
ChIJZ_w0Oupn1moRyYfWpkBnSCA,Hector's Deli,"253 Coventry St, South Melbourne VIC 3205, Australia",4.3,1014,Rachel S,5,,2026-08-16,1786806305,in the last week,https://www.google.com/maps/contrib/105897983722635452178/reviews,2026-08-16T04:18:06.519056,Positive,0.0
ChIJtVdgmvhC1moROxwhKPwolNQ,Hector's Deli,"1/94 Buckingham St, Richmond VIC 3121, Australia",4.5,1414,Elf Elada,1,"I ordered a pork shoulder sandwich expecting warm pork, instead I get a cold processed ham sandwich. Not good enough for a so called gourmet sandwich shop. Very disappointed maybe have a description of what’s in the sandwich considering the prices you charge. Cold industrial atmosphere. Very over rated",2026-08-15,1786772574,in the last week,https://www.google.com/maps/contrib/102665550991723281217/reviews,2026-08-15T16:18:17.225864,Negative,-0.246
ChIJyT_pbABD1moRDAP0Mbql6QI,Hector's Deli,"61 Little Collins St, Melbourne VIC 3000, Australia",4.5,620,Mohsen Kazemi,5,"We had two sandwiches, beef and roasted mushrooms. Both were delicious but I specifically liked roasted mushrooms more.

Highly recommended.",2026-08-14,1786685376,in the last week,https://www.google.com/maps/contrib/111021686193155005830/reviews,2026-08-14T16:18:21.458087,Positive,0.565
ChIJZ_w0Oupn1moRyYfWpkBnSCA,Hector's Deli,"253 Coventry St, South Melbourne VIC 3205, Australia",4.3,1013,Patrick Jane,4,great pickles here they fit so well with the sandwiches,2026-08-14,1786680880,in the last week,https://www.google.com/maps/contrib/103642190561869162177/reviews,2026-08-14T16:18:15.976686,Positive,0.6
ChIJyT_pbABD1moRDAP0Mbql6QI,Hector's Deli,"61 Little Collins St, Melbourne VIC 3000, Australia",4.5,620,Livia N,5,might be the best meal I’ve ever had in Melbourne,2026-08-14,1786679063,in the last week,https://www.google.com/maps/contrib/112019952162587160006/reviews,2026-08-14T16:18:21.458491,Positive,1.0
ChIJtVdgmvhC1moROxwhKPwolNQ,Hector's Deli,"1/94 Buckingham St, Richmond VIC 3121, Australia",4.5,1413,Jed Yanagawa,5,Best sandwiches in town,2026-08-14,1786658468,in the last week,https://www.google.com/maps/contrib/100199108425433558307/reviews,2026-08-14T08:18:34.549350,Positive,1.0
ChIJyT_pbABD1moRDAP0Mbql6QI,Hector's Deli,"61 Little Collins St, Melbourne VIC 3000, Australia",4.5,618,Kwp2018,5,,2026-08-13,1786543356,in the last week,https://www.google.com/maps/contrib/100243925696839080488/reviews,2026-08-13T06:58:28.909030,Positive,0.0
ChIJZ_N3WQBD1moRAv4QI3QbxL8,Hector's Deli,"323 Lygon St, Carlton VIC 3053, Australia",4.6,49,Iris Rose,5,"The Ultimate Neighbourhood Gem!
It doesn't feel like some hyper-curated, overhyped aesthetic trap—it's just a genuinely great neighbourhood deli that happens to make phenomenal food. The staff are always sound, the coffee is solid, and the sandwiches are proper heavy-hitters. The bread is crusty, the fillings don't slide out the back when you take a bite, and you can tell they actually care about what they're putting together.
If you live around the area or find yourself wandering through Carlton, just pop in. It's reliably good every single time.",2026-08-11,1786432060,in the last week,https://www.google.com/maps/contrib/102986414650212423116/reviews,2026-08-11T20:18:35.117519,Positive,0.224
ChIJtVdgmvhC1moROxwhKPwolNQ,Hector's Deli,"1/94 Buckingham St, Richmond VIC 3121, Australia",4.5,1413,Jacob Morse,5,Beef and pickle sandwich was something else! Definitely cheaper options available for lunch at $28 for a small coffee and sandwich but worth every penny in my books,2026-08-11,1786413357,in the last week,https://www.google.com/maps/contrib/100443445153757426972/reviews,2026-08-11T12:18:26.029886,Positive,0.113
ChIJZ_w0Oupn1moRyYfWpkBnSCA,Hector's Deli,"253 Coventry St, South Melbourne VIC 3205, Australia",4.3,1012,Steve Mckeon,5,"Great food, quick service and a popular choice.",2026-08-10,1786359553,in the last week,https://www.google.com/maps/contrib/110810678264590653110/reviews,2026-08-11T04:18:14.004101,Positive,0.578
ChIJyT_pbABD1moRDAP0Mbql6QI,Hector's Deli,"61 Little Collins St, Melbourne VIC 3000, Australia",4.5,617,T Lersumitkul,3,,2026-08-10,1786349037,in the last week,https://www.google.com/maps/contrib/101333404757289272838/reviews,2026-08-10T20:18:29.460480,Neutral,0.0
ChIJ02xRi2JD1moRJQh-pBNsBeI,Hector's Deli,"111 Moor St, Fitzroy VIC 3065, Australia",4.5,758,M,5,"His sandwiches had very crispy crusts, a rich ham and cheese flavor, and a generous amount of ham. The tuna and onions were also very refreshing and flavorful without being greasy. Highly recommended! However, his cookies were rather ordinary – soft, not very warm, and overly sweet.",2026-08-10,1786331463,in the last week,https://www.google.com/maps/contrib/102211656212564294372/reviews,2026-08-10T16:18:38.303802,Positive,0.174
ChIJ02xRi2JD1moRJQh-pBNsBeI,Hector's Deli,"111 Moor St, Fitzroy VIC 3065, Australia",4.5,758,Nikolas Corcoris,5,Elite chicken sandwich,2026-08-10,1786320438,in the last week,https://www.google.com/maps/contrib/105888330984007370255/reviews,2026-08-10T16:18:38.308648,Positive,-0.6
ChIJyT_pbABD1moRDAP0Mbql6QI,Hector's Deli,"61 Little Collins St, Melbourne VIC 3000, Australia",4.5,616,Faith,4,We have been wanting to try here for a while since we are from Adelaide. The service was lovely and also quick considering how busy it was. Obviously they don’t have much room to work with which is why the atmosphere is lacking. The tuna melt was really nice although a bit too spicy for my liking and the hot honey salami was yummy but the capsicum was slightly overpowering.,2026-08-09,1786274001,in the last week,https://www.google.com/maps/contrib/109695572816678590670/reviews,2026-08-10T04:18:25.916945,Positive,0.227
ChIJyT_pbABD1moRDAP0Mbql6QI,Hector's Deli,"61 Little Collins St, Melbourne VIC 3000, Australia",4.5,615,Joe scott,5,Good coffee!,2026-08-09,1786259847,in the last week,https://www.google.com/maps/contrib/103744093393352438265/reviews,2026-08-09T20:18:25.107971,Positive,0.875
ChIJZ_N3WQBD1moRAv4QI3QbxL8,Hector's Deli,"323 Lygon St, Carlton VIC 3053, Australia",4.6,48,Dan New,5,,2026-08-09,1786240988,in the last week,https://www.google.com/maps/contrib/116935200252893268108/reviews,2026-08-09T12:18:37.917693,Positive,0.0
ChIJyT_pbABD1moRDAP0Mbql6QI,Hector's Deli,"61 Little Collins St, Melbourne VIC 3000, Australia",4.5,614,Joe scott,5,,2026-08-09,1786228277,in the last week,https://www.google.com/maps/contrib/103744093393352438265/reviews,2026-08-09T12:18:27.034000,Positive,0.0
ChIJyT_pbABD1moRDAP0Mbql6QI,Hector's Deli,"61 Little Collins St, Melbourne VIC 3000, Australia",4.5,613,Jaz Harris,4,"I’m gonna be honest, the food here is lovely. The fried chicken sanga (always get thigh) hits the spot, and the beef n pickles is highly regarded. However I find that the customer service can be a hit or miss. Sometimes the cashier is lovely, and sometimes it’s a passive aggressive lady with a god complex who thinks she knows more than the regulars. I think it could be worked on, but I do avoid going on days where I see workers working through the window that I personally don’t vibe with.",2026-08-09,1786203797,in the last week,https://www.google.com/maps/contrib/115048310463184646532/reviews,2026-08-09T04:18:28.013055,Positive,0.17
ChIJZ_w0Oupn1moRyYfWpkBnSCA,Hector's Deli,"253 Coventry St, South Melbourne VIC 3205, Australia",4.3,1011,Sue D,1,"I’m sorry, but while the sandwich itself was really delicious, I feel that having to wait more than 10 minutes, or even longer, for a sandwich doesn’t quite fit the concept of a convenience-focused takeaway.

I completely understand that things can get busy, and I appreciate the effort that goes into preparing the food. However, one of the main reasons people choose a quick-service option is for convenience and efficiency. If it takes this long to get a sandwich, it can be a little frustrating.

The food is genuinely good, so I hope the service and preparation time can be improved in the future. If the same quality could be maintained while making the service a little faster, I think the overall experience would be much better.
I honestly don’t understand why the wait is still so long even when the store isn’t busy. Are we expected to wait as if it’s peak hour?",2026-08-09,1786200752,in the last week,https://www.google.com/maps/contrib/115383366341430241276/reviews,2026-08-09T04:18:14.256810,Negative,0.135
ChIJ02xRi2JD1moRJQh-pBNsBeI,Hector's Deli,"111 Moor St, Fitzroy VIC 3065, Australia",4.5,756,Tayla L,4,"Our first time in Melbourne and we had to go to Hectors Deli. My partner ordered the beef and pickle and rated it 8/10. He said it was delicious.

I ordered the fried mushroom. To my mistake I thought it was a sandwich but it was a burger. I rate this a 2/5. The sauce is delicious. But some feedback, the mushroom patty is way too thick. It is too hard to bite into. Additionally, it is INCREDIBLY HOT. I burnt basically my whole tongue biting into this. The mushroom is juicy, but its so wet. It was the messiest burger I have ever eaten. The burger bun was soaking wet from the juice of the mushroom which was not particularly enjoyable. I wished I had ordered the sandwich.",2026-08-08,1786193139,in the last week,https://www.google.com/maps/contrib/109687478301269107279/reviews,2026-08-09T04:18:21.144842,Positive,0.166
ChIJyT_pbABD1moRDAP0Mbql6QI,Hector's Deli,"61 Little Collins St, Melbourne VIC 3000, Australia",4.5,612,Sally,5,Friendly staff and really tasty sandwiches - the beef one is my fav.,2026-08-08,1786173437,in the last week,https://www.google.com/maps/contrib/115708307214327468201/reviews,2026-08-08T20:18:24.310226,Positive,0.287
ChIJyT_pbABD1moRDAP0Mbql6QI,Hector's Deli,"61 Little Collins St, Melbourne VIC 3000, Australia",4.5,611,Trey Boer,5,Worth the wait in the queue,2026-08-08,1786155467,in the last week,https://www.google.com/maps/contrib/115696365786806757070/reviews,2026-08-08T16:18:25.401969,Positive,0.3
ChIJyT_pbABD1moRDAP0Mbql6QI,Hector's Deli,"61 Little Collins St, Melbourne VIC 3000, Australia",4.5,616,Poonslayer 5500,5,Worth the wait in the queue,2026-08-08,1786155467,in the last week,https://www.google.com/maps/contrib/112146537549381369442/reviews,2026-08-10T04:18:25.920310,Positive,0.3
ChIJZ_N3WQBD1moRAv4QI3QbxL8,Hector's Deli,"323 Lygon St, Carlton VIC 3053, Australia",4.6,47,Nick,5,,2026-08-08,1786146660,in the last week,https://www.google.com/maps/contrib/101840145771105066532/reviews,2026-08-08T12:18:38.577051,Positive,0.0
ChIJZ_w0Oupn1moRyYfWpkBnSCA,Hector's Deli,"253 Coventry St, South Melbourne VIC 3205, Australia",4.3,1010,Frank Y,5,,2026-08-07,1786097990,in the last week,https://www.google.com/maps/contrib/113854555226170067747/reviews,2026-08-08T04:18:12.639382,Positive,0.0
ChIJtVdgmvhC1moROxwhKPwolNQ,Hector's Deli,"1/94 Buckingham St, Richmond VIC 3121, Australia",4.5,1412,Jack,5,,2026-08-07,1786063187,in the last week,https://www.google.com/maps/contrib/107401192051107925817/reviews,2026-08-07T12:18:20.438559,Positive,0.0
ChIJZ_N3WQBD1moRAv4QI3QbxL8,Hector's Deli,"323 Lygon St, Carlton VIC 3053, Australia",4.6,46,L Wang,5,Good sandwich and service was great too. It gets really busy at lunchtime. Come at 11 to avoid lunch rush.,2026-08-07,1786059973,in the last week,https://www.google.com/maps/contrib/105676408415753102643/reviews,2026-08-07T12:18:30.680951,Positive,0.533
ChIJyT_pbABD1moRDAP0Mbql6QI,Hector's Deli,"61 Little Collins St, Melbourne VIC 3000, Australia",4.5,610,Ruth Choi,5,,2026-08-06,1786019121,in the last week,https://www.google.com/maps/contrib/105990239837752504114/reviews,2026-08-07T04:18:25.677484,Positive,0.0
ChIJyT_pbABD1moRDAP0Mbql6QI,Hector's Deli,"61 Little Collins St, Melbourne VIC 3000, Australia",4.5,610,Ismail Sun,1,"I've lived in Richmond for over 6 years. Don't get me wrong, Hector's is an institution. But there is something seriously wrong with the city one. I've had it twice. First time, really bad food poisoning. Ok, might've been something else. Second time, I ordered a mushroom melt. They gave me a tuna and got very upset when I mentioned that it wasn't what I ordered. Ok, mistakes happen. I ate the tuna melt for lunch and got very sick the next day. Like extremely sick. Colleagues were fine with their mushroom. I worked late that day so all I had was the tuna melt. Let me tell you, this was horrendous food poisoning. Be careful here and don't accept bullying if they bring you the wrong sandwich.",2026-08-06,1786011255,in the last week,https://www.google.com/maps/contrib/102441592719630716688/reviews,2026-08-07T04:18:25.698076,Negative,-0.158
ChIJZ_w0Oupn1moRyYfWpkBnSCA,Hector's Deli,"253 Coventry St, South Melbourne VIC 3205, Australia",4.3,1009,Pik Man Woo,5,The food was delicious and the portions were generous; one serving was enough for two people to share.,2026-08-05,1785924056,in the last week,https://www.google.com/maps/contrib/114123856359699728841/reviews,2026-08-05T20:18:20.999938,Positive,0.5
ChIJ02xRi2JD1moRJQh-pBNsBeI,Hector's Deli,"111 Moor St, Fitzroy VIC 3065, Australia",4.5,755,Jago,2,"Hot honey salami was freshly frozen with a packet of honey, thought they were trying to get me ready for the bedroom (def got some)
I couldn’t tell if I was the one with speech impairment or she couldn’t hear because my coffee order and my name was wrong (even spelt it out)",2026-08-05,1785909958,in the last week,https://www.google.com/maps/contrib/105033358268582805873/reviews,2026-08-05T16:18:20.113079,Negative,0.062
ChIJtVdgmvhC1moROxwhKPwolNQ,Hector's Deli,"1/94 Buckingham St, Richmond VIC 3121, Australia",4.5,1411,Amol Abdagiri,5,,2026-08-05,1785901738,in the last week,https://www.google.com/maps/contrib/110661967623094384827/reviews,2026-08-05T16:18:16.810057,Positive,0.0
ChIJZ_w0Oupn1moRyYfWpkBnSCA,Hector's Deli,"253 Coventry St, South Melbourne VIC 3205, Australia",4.3,1008,Sree,5,Best of the best!!,2026-08-05,1785899380,in the last week,https://www.google.com/maps/contrib/103199725712249995781/reviews,2026-08-05T16:18:13.549126,Positive,1.0
ChIJ02xRi2JD1moRJQh-pBNsBeI,Hector's Deli,"111 Moor St, Fitzroy VIC 3065, Australia",4.5,755,Ian Hillman,5,"Fantastic team. Pumping out outstanding food at a high volume, all the staff working their stations with effort and skill. Very tasty food .",2026-08-05,1785896282,in the last week,https://www.google.com/maps/contrib/112333482183564817167/reviews,2026-08-05T16:18:20.113908,Positive,0.315
ChIJ02xRi2JD1moRJQh-pBNsBeI,Hector's Deli,"111 Moor St, Fitzroy VIC 3065, Australia",4.5,754,Hannah Samuel,5,Best food and vibes. Thanks so much to Jack the legend who dealt with our huge order so quickly and kindly. Very grateful and will be back. Highly recommend!,2026-08-05,1785893114,in the last week,https://www.google.com/maps/contrib/100403940079133390964/reviews,2026-08-05T12:18:21.651883,Positive,0.317
ChIJ02xRi2JD1moRJQh-pBNsBeI,Hector's Deli,"111 Moor St, Fitzroy VIC 3065, Australia",4.5,753,Emma Samuel,5,"Everyone here is a superstar, but today I am here to talk about the man, the myth, the legend, Jack. Thanks for your kindness and for always making us feel welcome, we appreciate it.",2026-08-05,1785881517,in the last week,https://www.google.com/maps/contrib/103533924919817095442/reviews,2026-08-05T08:18:57.792935,Positive,0.5
ChIJyT_pbABD1moRDAP0Mbql6QI,Hector's Deli,"61 Little Collins St, Melbourne VIC 3000, Australia",4.5,608,yenny lim,5,,2026-08-04,1785848487,in the last week,https://www.google.com/maps/contrib/101149048685386502961/reviews,2026-08-05T04:18:27.540976,Positive,0.0
ChIJtVdgmvhC1moROxwhKPwolNQ,Hector's Deli,"1/94 Buckingham St, Richmond VIC 3121, Australia",4.5,1411,steve r,3,"Rare Beef Sandwich Was Very Mustardy

Stopped in early on a Tuesday, deli is in a nice quiet suburban Street pretty easy to find parking and off the main strip away from all the “noise”

Young lady server was very friendly and hospitable, several people from the community stopped in and she seemed to know all of them

Wasn’t a fan of the sandwich, seeded bread and completely full of sauce. So much mustard… too much mustard

Didn’t know what I was expecting from the menu board but would suggest trying something else off the menu",2026-08-04,1785834866,in the last week,https://www.google.com/maps/contrib/113747005671852286733/reviews,2026-08-04T20:18:17.585275,Positive,0.226
ChIJ02xRi2JD1moRJQh-pBNsBeI,Hector's Deli,"111 Moor St, Fitzroy VIC 3065, Australia",4.5,752,Ruan Muller,5,"I visited the Fitzroy branch today having the beef and pickles with a cinamon scroll on the side. I found the size and overal quality much better than my experience at the Richmond branch. The staff there was very friendly, well organised and had good banter with Jo. I cannot wait to go back there and try the rest of the menu.",2026-08-04,1785833793,in the last week,https://www.google.com/maps/contrib/109818749538089894328/reviews,2026-08-05T04:18:21.018147,Positive,0.422
ChIJZ_w0Oupn1moRyYfWpkBnSCA,Hector's Deli,"253 Coventry St, South Melbourne VIC 3205, Australia",4.3,1007,Al Young (alyoungathon),4,"Sandwiches are delicious, but sometimes it's painfully slow to get your food here even when it's not busy. A bit pricey for what it is too.",2026-08-04,1785816228,in the last week,https://www.google.com/maps/contrib/104274350269499732760/reviews,2026-08-04T16:18:12.880260,Positive,0.217
ChIJZ_N3WQBD1moRAv4QI3QbxL8,Hector's Deli,"323 Lygon St, Carlton VIC 3053, Australia",4.6,45,Dardrid,5,,2026-08-04,1785812357,in the last week,https://www.google.com/maps/contrib/111340525705727938457/reviews,2026-08-04T16:18:23.819020,Positive,0.0
ChIJyT_pbABD1moRDAP0Mbql6QI,Hector's Deli,"61 Little Collins St, Melbourne VIC 3000, Australia",4.5,609,Ignacio Montoya M.,5,,2026-08-04,1785802685,in the last week,https://www.google.com/maps/contrib/113041943319080057842/reviews,2026-08-04T12:18:39.431629,Positive,0.0
ChIJ02xRi2JD1moRJQh-pBNsBeI,Hector's Deli,"111 Moor St, Fitzroy VIC 3065, Australia",4.5,751,Sarah Hogan,5,Jo makes this place amazing and is the reason I keep coming back! The sandwiches are incredible (somehow better than any other Hectors) and she is so welcoming and kind. You will not be disappointed at all with their food. Beef and pickles is my winner!,2026-08-04,1785799318,in the last week,https://www.google.com/maps/contrib/113031021042813619105/reviews,2026-08-04T12:18:31.765851,Positive,0.22
ChIJtVdgmvhC1moROxwhKPwolNQ,Hector's Deli,"1/94 Buckingham St, Richmond VIC 3121, Australia",4.5,1410,MiMMie_ 257,5,Best toasted sandwich ever ! Beef and Pickle...,2026-08-03,1785749677,in the last week,https://www.google.com/maps/contrib/104964741269329255470/reviews,2026-08-03T20:18:11.464828,Positive,1.0
ChIJ02xRi2JD1moRJQh-pBNsBeI,Hector's Deli,"111 Moor St, Fitzroy VIC 3065, Australia",4.5,750,Emily,3,"This sandwich spot was so busy when we visited - I’ve heard a lot of hype about it so I was keen to check it out. The service was super speedy - if you order a fresh sandwich it’ll be available almost instantly. However, I found my hot honey salami sandwich didn’t live up to the hype. I don’t think the mayo was necessary, especially when it already has stracciatella.",2026-08-03,1785744583,in the last week,https://www.google.com/maps/contrib/118132299385053172966/reviews,2026-08-03T20:18:14.866211,Positive,0.169
ChIJZ_N3WQBD1moRAv4QI3QbxL8,Hector's Deli,"323 Lygon St, Carlton VIC 3053, Australia",4.6,44,Scarlett,5,Amazing sandwiches and great service. The Tuna melt was life-changing. Will be back.,2026-08-03,1785717760,in the last week,https://www.google.com/maps/contrib/103721358694970394751/reviews,2026-08-03T12:18:34.194004,Positive,0.467
ChIJZ_N3WQBD1moRAv4QI3QbxL8,Hector's Deli,"323 Lygon St, Carlton VIC 3053, Australia",4.6,43,Jack Kunkel,5,,2026-08-02,1785659141,in the last week,https://www.google.com/maps/contrib/116093848641970686988/reviews,2026-08-03T04:18:31.921007,Positive,0.0
ChIJZ_w0Oupn1moRyYfWpkBnSCA,Hector's Deli,"253 Coventry St, South Melbourne VIC 3205, Australia",4.3,1006,Apoorva Kunte,4,"Had the spicy  fried chicken sandwich which was nice.Expectes the bread to be a bit different than the soft pull out  flour bread ,it was more a burger than a sandwich .However it was delicious.Would return to try others.",2026-08-02,1785652441,in the last week,https://www.google.com/maps/contrib/118265354408108265139/reviews,2026-08-02T20:18:13.378886,Positive,0.0
ChIJ5SiiPaVD1moReQEViHlGa-g,Hector's Deli,"33 Stewart St, Richmond VIC 3121, Australia",4.3,219,Jac L,1,"I don’t normally leave negative reviews in fact, I usually go out of my way to leave positive ones when I receive great service. Unfortunately, this experience was so disappointing that I felt it needed to be shared.

We visited Hector’s Deli in Richmond and ordered a cinnamon bun and an apple turnover. We politely asked if we could have a plate to make them easier to eat. Jackson simply replied, “No plate.” We said that was completely fine and then asked if we could have a box instead. We could see the pastries had already been placed into a paper bag, but instead of responding politely, he angrily shoved a box towards us. It would have taken very little effort to place the pastries into the box when we asked.

What upset me most was his attitude. When we made a simple, polite request, he gave us a dirty stare that made us feel incredibly unwelcome. We weren’t being demanding, we were just asking a reasonable question.

The interaction left such an impression that I asked another staff member for his name afterwards because I couldn’t believe how we had been treated. That’s something I’ve never felt the need to do before.

I understand that hospitality can be busy and stressful, but customers deserve to be treated with basic courtesy and respect. I genuinely hope this feedback is taken constructively, because service like this reflects poorly on an otherwise well-known business.",2026-08-02,1785632083,in the last week,https://www.google.com/maps/contrib/117384413642705520359/reviews,2026-08-02T12:18:27.619088,Negative,0.014
ChIJZ_N3WQBD1moRAv4QI3QbxL8,Hector's Deli,"323 Lygon St, Carlton VIC 3053, Australia",4.5,42,Samuel Walsh,5,One of the best sandwiches I've had in ages. A must visit spot in Melbourne!,2026-08-01,1785588513,in the last week,https://www.google.com/maps/contrib/108200747998625534332/reviews,2026-08-02T04:18:33.547979,Positive,1.0
ChIJZ_w0Oupn1moRyYfWpkBnSCA,Hector's Deli,"253 Coventry St, South Melbourne VIC 3205, Australia",4.3,1005,Barry,4,"Recently revisited this location and ordered a flat white, an apple turnover and a tuna melt toastie. The flat white was quite strong and smooth, pretty good coffee. The apple turnover was filled with plenty of diced apples paired with custard cream and cinnamon. Texture was good outside but the inner pastry layer was thick and doughy. Also I think the apple filling would taste better warm, though it's probably not possible with the cream. As for the tuna melt, the bread was perfectly toasted; the surface had a nice crisp and the edges were crunchy but not hard. It was pretty tasty with the combination of melted cheese, pickles, herbs and tangy Hectic sauce but the tuna was too creamy; preferred if it was not fully blended into a paste. Overall it was a decent meal, though not as good as the other menu items I've tried in the past.

-----------------------------------------------
A sandwich shop located a few hundred meters from the South Melbourne Market offering coffee, fresh sandwiches and toasties. Ordered two of their fresh sandwiches and a coffee:

- Chicken salad; white sesame seed ciabatta bread was soft and airy with a nice thin crust. The combination of chicken, cucumber,  and ranch was rich, creamy and tasty, balanced with a good mouthful of fresh oak lettuce
- Rare roast beef; same ciabatta bread filled with slices of tender rare beef, some mustard and horseradish mayo which added a kick, herby parsley pesto, and pickled onions; very flavourful but needed more beef as some bites didn't have much meat
- Flat white was quite strong and smooth; pretty good coffee

Overall some fresh and tasty sandwiches with good coffee; reasonably priced.",2026-08-01,1785571577,in the last week,https://www.google.com/maps/contrib/116559618334907517520/reviews,2026-08-02T04:18:13.384863,Positive,0.216
ChIJtVdgmvhC1moROxwhKPwolNQ,Hector's Deli,"1/94 Buckingham St, Richmond VIC 3121, Australia",4.5,1409,Margaret Gusah,5,,2026-08-01,1785569499,in the last week,https://www.google.com/maps/contrib/112172131508841031548/reviews,2026-08-01T20:18:15.398755,Positive,0.0
ChIJZ_w0Oupn1moRyYfWpkBnSCA,Hector's Deli,"253 Coventry St, South Melbourne VIC 3205, Australia",4.3,1004,Yu Jin,5,Awesome Beef & Picckle toasted sandwich and fries. Worth the line and wait. Want to try the Pork shoulder and chicken cold sandwiches next,2026-08-01,1785565301,in the last week,https://www.google.com/maps/contrib/102863486861655043182/reviews,2026-08-01T20:18:12.817732,Positive,0.02
ChIJtVdgmvhC1moROxwhKPwolNQ,Hector's Deli,"1/94 Buckingham St, Richmond VIC 3121, Australia",4.5,1408,Linden,5,Always great tasty fresh food. Worth the wait,2026-08-01,1785559739,in the last week,https://www.google.com/maps/contrib/103006456088119719398/reviews,2026-08-01T16:18:28.029767,Positive,0.467
ChIJZ_w0Oupn1moRyYfWpkBnSCA,Hector's Deli,"253 Coventry St, South Melbourne VIC 3205, Australia",4.3,1005,Louis Lau,5,"One of the hip place around SMM neighborhood serves delicious toasties, reasonable price, friendly services and good coffee too.",2026-08-01,1785540219,in the last week,https://www.google.com/maps/contrib/101379184035727168017/reviews,2026-08-02T04:18:13.386709,Positive,0.569
ChIJtVdgmvhC1moROxwhKPwolNQ,Hector's Deli,"1/94 Buckingham St, Richmond VIC 3121, Australia",4.5,1408,Kap-Ura,3,"Went to Melbourne CBD shop with friends. Hectic and curt service . I got the pork shoulder sandwich  . Essentially a piece of ham . Thick and boring bread . Colder than cold should be . The green relish was good . Not worth the wait , money or hype.",2026-07-31,1785467786,in the last week,https://www.google.com/maps/contrib/103414779315214919256/reviews,2026-07-31T16:18:22.335457,Negative,-0.221
ChIJ5SiiPaVD1moReQEViHlGa-g,Hector's Deli,"33 Stewart St, Richmond VIC 3121, Australia",4.3,218,Sarah,4,,2026-07-31,1785464218,in the last week,https://www.google.com/maps/contrib/113707390193759196024/reviews,2026-07-31T12:18:26.789342,Positive,0.0
ChIJyT_pbABD1moRDAP0Mbql6QI,Hector's Deli,"61 Little Collins St, Melbourne VIC 3000, Australia",4.5,608,Laura Ferguson,5,Absolutely delicious sandwiches. I tried the beef with pickles and also the chicken salad. Both incredibly tasty. Service was cheerful. The sandwiches are quite big so even though it seems a bit expensive for a sandwich you get a large meal and they are stuffed full of delicious fillings.,2026-07-30,1785417624,in the last week,https://www.google.com/maps/contrib/104705509790776712714/reviews,2026-07-31T04:18:24.725383,Positive,0.307
ChIJ5SiiPaVD1moReQEViHlGa-g,Hector's Deli,"33 Stewart St, Richmond VIC 3121, Australia",4.3,217,kaylee anabel,5,love hectors forever love so so yum,2026-07-30,1785369811,in the last week,https://www.google.com/maps/contrib/100186711834246672615/reviews,2026-07-30T12:18:34.255901,Positive,0.5
ChIJyT_pbABD1moRDAP0Mbql6QI,Hector's Deli,"61 Little Collins St, Melbourne VIC 3000, Australia",4.5,607,Gena star,5,"Fresh pastries, delicious donuts, and friendly service. Everything we tried was fresh and flavorful, especially the almond croissant and cinnamon bun. Great spot for a quick takeaway. Highly recommend! 🍩🥐 #genastar",2026-07-29,1785329881,in the last week,https://www.google.com/maps/contrib/115727359021187937479/reviews,2026-07-30T04:18:38.074036,Positive,0.414
ChIJZ_w0Oupn1moRyYfWpkBnSCA,Hector's Deli,"253 Coventry St, South Melbourne VIC 3205, Australia",4.3,1002,sun joo Lee,4,"Third visit, and the sandwich and donut with a coffee are still a must-try every single time!",2026-07-29,1785322304,in the last week,https://www.google.com/maps/contrib/104944875213557719378/reviews,2026-07-30T04:18:22.180262,Positive,-0.045
ChIJ02xRi2JD1moRJQh-pBNsBeI,Hector's Deli,"111 Moor St, Fitzroy VIC 3065, Australia",4.5,749,MFT,5,"Cool vibe, good sandwiches",2026-07-29,1785289116,in the last week,https://www.google.com/maps/contrib/115351261508908093952/reviews,2026-07-29T12:18:25.292181,Positive,0.525
ChIJ5SiiPaVD1moReQEViHlGa-g,Hector's Deli,"33 Stewart St, Richmond VIC 3121, Australia",4.3,216,Cody Mcnicol,5,"Absolutely delicious and worth the price! We got the chicken sandwich and the beef one. It was incredible!

The staff were also so amazing. From the moment you walk in, you really feel like a valued customer. Smiles all around. Thank you so much!",2026-07-28,1785225501,in the last week,https://www.google.com/maps/contrib/116356314081538538853/reviews,2026-07-28T20:18:26.519469,Positive,0.404
ChIJtVdgmvhC1moROxwhKPwolNQ,Hector's Deli,"1/94 Buckingham St, Richmond VIC 3121, Australia",4.5,1408,M Daley,4,,2026-07-27,1785135881,in the last week,https://www.google.com/maps/contrib/109615188294670685514/reviews,2026-07-27T20:18:14.841028,Positive,0.0
ChIJ5SiiPaVD1moReQEViHlGa-g,Hector's Deli,"33 Stewart St, Richmond VIC 3121, Australia",4.3,215,Pratyusha Reddy,5,"Delicious coffee, pastry and muffins. Makes for an obvious spot for a quick car park and pickup near Richmond station.
It was satisfying to watch the open kitchen.",2026-07-26,1785056877,in the last week,https://www.google.com/maps/contrib/115199244033014622413/reviews,2026-07-26T20:18:38.073745,Positive,0.322
ChIJZ_w0Oupn1moRyYfWpkBnSCA,Hector's Deli,"253 Coventry St, South Melbourne VIC 3205, Australia",4.3,1001,Abeeha Hussain,5,There is no other sandwich like the beef and pickle one. Amazing!,2026-07-26,1785045068,in the last week,https://www.google.com/maps/contrib/117205814133745396347/reviews,2026-07-26T16:18:14.143966,Positive,0.406
ChIJZ_w0Oupn1moRyYfWpkBnSCA,Hector's Deli,"253 Coventry St, South Melbourne VIC 3205, Australia",4.3,1001,Diana,5,"Hector Deli serves some of the best sandwiches around! The ingredients are fresh, the flavours are amazing, and every sandwich is made with care. The only tip is to get there early, especially at lunchtime, because it gets super busy—and for good reason. Definitely worth the visit!",2026-07-26,1785044533,in the last week,https://www.google.com/maps/contrib/112511724400939938801/reviews,2026-07-26T16:18:14.151668,Positive,0.379
ChIJZ_w0Oupn1moRyYfWpkBnSCA,Hector's Deli,"253 Coventry St, South Melbourne VIC 3205, Australia",4.3,1001,J Ddd,5,Delicious sandwiches. Every option is a good one. Be quick because they sell out. Be prepared to wait in line. Very busy at lunchtime but worth the wait.,2026-07-26,1785036341,in the last week,https://www.google.com/maps/contrib/111111242219157468459/reviews,2026-07-26T16:18:14.152857,Positive,0.493
ChIJZ_w0Oupn1moRyYfWpkBnSCA,Hector's Deli,"253 Coventry St, South Melbourne VIC 3205, Australia",4.3,1001,JBD,5,Delicious sandwiches. Every option is a good one. Be quick because they sell out. Be prepared to wait in line. Very busy at lunchtime but worth the wait.,2026-07-26,1785036341,in the last week,https://www.google.com/maps/contrib/114362607281820309040/reviews,2026-07-27T04:18:10.735423,Positive,0.493
ChIJyT_pbABD1moRDAP0Mbql6QI,Hector's Deli,"61 Little Collins St, Melbourne VIC 3000, Australia",4.5,606,Tiana Brownrigg,5,10/10,2026-07-26,1785036319,in the last week,https://www.google.com/maps/contrib/115831849606599106006/reviews,2026-07-26T16:18:27.896415,Positive,0.0
ChIJZ_N3WQBD1moRAv4QI3QbxL8,Hector's Deli,"323 Lygon St, Carlton VIC 3053, Australia",4.5,41,Taidhgin Harkin,3,Got the HCT it was OK,2026-07-26,1785031827,in the last week,https://www.google.com/maps/contrib/116981944954903814897/reviews,2026-07-26T12:18:32.159917,Positive,0.5
ChIJyT_pbABD1moRDAP0Mbql6QI,Hector's Deli,"61 Little Collins St, Melbourne VIC 3000, Australia",4.5,605,yenny lim,5,,2026-07-26,1785026930,in the last week,https://www.google.com/maps/contrib/101149048685386502961/reviews,2026-07-26T12:18:21.423288,Positive,0.0
ChIJ02xRi2JD1moRJQh-pBNsBeI,Hector's Deli,"111 Moor St, Fitzroy VIC 3065, Australia",4.5,748,Joshua Jago,2,"Hot honey salami was freshly frozen with a packet of honey, thought they were trying to get me ready for the bedroom (def got some)
I couldn’t tell if I was the one with speech impairment or she couldn’t hear because my coffee order and my name was wrong (even spelt it out)",2026-07-25,1784951321,in the last week,https://www.google.com/maps/contrib/102747095806507177809/reviews,2026-07-25T16:18:17.464547,Negative,0.062
ChIJ02xRi2JD1moRJQh-pBNsBeI,Hector's Deli,"111 Moor St, Fitzroy VIC 3065, Australia",4.5,749,Jago,2,"Hot honey salami was freshly frozen with a packet of honey, thought they were trying to get me ready for the bedroom (def got some)
I couldn’t tell if I was the one with speech impairment or she couldn’t hear because my coffee order and my name was wrong (even spelt it out)",2026-07-25,1784951321,a week ago,https://www.google.com/maps/contrib/105033358268582805873/reviews,2026-08-03T04:18:17.767523,Negative,0.062
ChIJyT_pbABD1moRDAP0Mbql6QI,Hector's Deli,"61 Little Collins St, Melbourne VIC 3000, Australia",4.5,604,Kayla Ashkar,5,,2026-07-25,1784946174,in the last week,https://www.google.com/maps/contrib/107027020356941354701/reviews,2026-07-25T16:18:23.323262,Positive,0.0
ChIJtVdgmvhC1moROxwhKPwolNQ,Hector's Deli,"1/94 Buckingham St, Richmond VIC 3121, Australia",4.5,1407,Nathaniel Buchanan,1,"The epitome of Melbourne mediocrity.

Absolutely nothing special. Maccas is more satisfying",2026-07-24,1784880981,in the last week,https://www.google.com/maps/contrib/104721869689721452100/reviews,2026-07-25T04:18:17.057653,Negative,0.271
ChIJZ_N3WQBD1moRAv4QI3QbxL8,Hector's Deli,"323 Lygon St, Carlton VIC 3053, Australia",4.6,40,Mark Jamieson,5,It's not easy to provide hospitality that makes you feel like you've been in 100 times on your first visit. My sons and I had an outrageous lunch on the bar and felt like we were being hosted by good friends we hadn't seen for a while. A true testament to the staff and the culture within the business.,2026-07-24,1784863642,in the last week,https://www.google.com/maps/contrib/111922636901606486749/reviews,2026-07-24T16:18:34.515283,Positive,0.017
ChIJtVdgmvhC1moROxwhKPwolNQ,Hector's Deli,"1/94 Buckingham St, Richmond VIC 3121, Australia",4.5,1406,Kria Moodley,1,"Hectors deli was on the you tube influencer Mark Wines and he said the sandwiches were so huge too much meat and 2 people could literally share and be over full. So we thought we give it a go with our family. And absolutely a NO. The sandwiches were flat less meat also the cinnamon buns are horrible. The only thing they do is put more cream cheese frosting to make it exciting but the bum and filling inside literally have no taste the texture is like bread not like a nice cakey bun. Horrible. Service is not good. Don't recommend this food for families or people that love to eat food that givs them that wow delicious satisfying food.
Also atmosphere is not great. Not friendly and cold outside.",2026-07-24,1784860178,in the last week,https://www.google.com/maps/contrib/109518409754998534432/reviews,2026-07-24T16:18:17.196900,Negative,0.03
ChIJtVdgmvhC1moROxwhKPwolNQ,Hector's Deli,"1/94 Buckingham St, Richmond VIC 3121, Australia",4.5,1406,Terrance Moodley,1,,2026-07-24,1784859495,in the last week,https://www.google.com/maps/contrib/106991642406799839017/reviews,2026-07-24T16:18:17.197381,Negative,0.0
ChIJZ_N3WQBD1moRAv4QI3QbxL8,Hector's Deli,"323 Lygon St, Carlton VIC 3053, Australia",4.6,39,Troy Larkin,5,A proper good sandwich. Lovely coffee. Chill atmosphere. Excellent staff.,2026-07-23,1784813553,in the last week,https://www.google.com/maps/contrib/105249565571511449794/reviews,2026-07-24T04:18:36.039318,Positive,0.55
ChIJyT_pbABD1moRDAP0Mbql6QI,Hector's Deli,"61 Little Collins St, Melbourne VIC 3000, Australia",4.5,603,Kiran Swami,5,,2026-07-23,1784803371,in the last week,https://www.google.com/maps/contrib/109591617865304860953/reviews,2026-07-24T04:18:26.418096,Positive,0.0
ChIJ5SiiPaVD1moReQEViHlGa-g,Hector's Deli,"33 Stewart St, Richmond VIC 3121, Australia",4.3,214,AR,5,"I tried the beef toast and the pickles. It tasted good and was very rich, with lots of sauce and the flavors blended in a unique way. The price was exaggerated, but there's no problem. I'll go back and eat it and try something else.",2026-07-23,1784783500,in the last week,https://www.google.com/maps/contrib/115960995254450173724/reviews,2026-07-23T20:18:27.528569,Positive,0.212
ChIJyT_pbABD1moRDAP0Mbql6QI,Hector's Deli,"61 Little Collins St, Melbourne VIC 3000, Australia",4.5,602,Trent,5,Damn good food,2026-07-23,1784782286,in the last week,https://www.google.com/maps/contrib/105581307650658276796/reviews,2026-07-23T20:18:24.594872,Positive,0.7
ChIJtVdgmvhC1moROxwhKPwolNQ,Hector's Deli,"1/94 Buckingham St, Richmond VIC 3121, Australia",4.6,1404,Leslie M.,5,Good coffee ! Love that we have it here in Richmond!,2026-07-23,1784764600,in the last week,https://www.google.com/maps/contrib/110198678982228481645/reviews,2026-07-23T12:18:17.090165,Positive,0.75
ChIJZ_N3WQBD1moRAv4QI3QbxL8,Hector's Deli,"323 Lygon St, Carlton VIC 3053, Australia",4.6,38,Helene Smith,5,"Beef and Pickle toastie was as delicious as Jack !! Fabulous service, fabulous atmosphere. Hit the spot on all accounts ! Will be back",2026-07-22,1784697243,in the last week,https://www.google.com/maps/contrib/102400861215043009195/reviews,2026-07-22T16:19:06.153223,Positive,0.475
ChIJZ_N3WQBD1moRAv4QI3QbxL8,Hector's Deli,"323 Lygon St, Carlton VIC 3053, Australia",4.6,38,Sara Shafai,5,Halal and delicious!,2026-07-22,1784695509,in the last week,https://www.google.com/maps/contrib/101831833256053860602/reviews,2026-07-22T16:19:06.169053,Positive,1.0
ChIJtVdgmvhC1moROxwhKPwolNQ,Hector's Deli,"1/94 Buckingham St, Richmond VIC 3121, Australia",4.6,1403,Huy Pham,5,,2026-07-22,1784695005,in the last week,https://www.google.com/maps/contrib/111053734381801890053/reviews,2026-07-22T20:18:16.184229,Positive,0.0
ChIJ02xRi2JD1moRJQh-pBNsBeI,Hector's Deli,"111 Moor St, Fitzroy VIC 3065, Australia",4.5,747,Clam,5,Another great fried chicken sandwich (thigh) today. Must remind the staff to keep that sauce up Tried the new chilli one with breast as well.,2026-07-22,1784679810,in the last week,https://www.google.com/maps/contrib/105406106205014723562/reviews,2026-07-22T12:18:30.165517,Positive,0.112
ChIJyT_pbABD1moRDAP0Mbql6QI,Hector's Deli,"61 Little Collins St, Melbourne VIC 3000, Australia",4.5,601,Austin Payette,5,,2026-07-21,1784618650,in the last week,https://www.google.com/maps/contrib/109961295879038282912/reviews,2026-07-21T19:01:05.989581,Positive,0.0
ChIJyT_pbABD1moRDAP0Mbql6QI,Hector's Deli,"61 Little Collins St, Melbourne VIC 3000, Australia",4.5,600,Thomas James,5,"The chicken salad slaps every time. Top notch bread with a perfectly balanced filling.

Pro-tip, if you’re going to get the fried chicken sandwich, get thigh. It’s the superior choice by far.",2026-07-19,1784434319,in the last week,https://www.google.com/maps/contrib/118113182847551103736/reviews,2026-07-19T16:18:33.520253,Positive,0.183
ChIJZ_w0Oupn1moRyYfWpkBnSCA,Hector's Deli,"253 Coventry St, South Melbourne VIC 3205, Australia",4.3,1001,el s,1,I’m sick of your rubbish everywhere. Every day there are 100’s of your bags and paper all over the street. Buy another bin!!!! And send a worker out to pick up papers at the end of their shift.,2026-07-19,1784410330,a week ago,https://www.google.com/maps/contrib/112366951289703068278/reviews,2026-07-26T16:18:14.154140,Negative,-1.0
ChIJZ_N3WQBD1moRAv4QI3QbxL8,Hector's Deli,"323 Lygon St, Carlton VIC 3053, Australia",4.5,36,Sasri Murray,5,"Perfect sandwich, excellent staff, very good vibe",2026-07-18,1784367577,in the last week,https://www.google.com/maps/contrib/111217807455950563789/reviews,2026-07-18T20:18:34.762234,Positive,0.97
ChIJZ_w0Oupn1moRyYfWpkBnSCA,Hector's Deli,"253 Coventry St, South Melbourne VIC 3205, Australia",4.3,997,Chrissie Lieu,5,,2026-07-18,1784364861,in the last week,https://www.google.com/maps/contrib/109548480218637796618/reviews,2026-07-19T04:18:09.260413,Positive,0.0
ChIJZ_N3WQBD1moRAv4QI3QbxL8,Hector's Deli,"323 Lygon St, Carlton VIC 3053, Australia",4.5,36,Vivan N,5,Came for lunch and it didn’t disappoint. Staff were very accommodating (I had a pram) and recommended the beef and pickles which was 10/10! Can’t wait to come back,2026-07-18,1784360421,in the last week,https://www.google.com/maps/contrib/113154770195367086041/reviews,2026-07-18T20:18:34.763296,Positive,0.125
ChIJZ_w0Oupn1moRyYfWpkBnSCA,Hector's Deli,"253 Coventry St, South Melbourne VIC 3205, Australia",4.3,997,Amber Wayde,5,,2026-07-18,1784328216,in the last week,https://www.google.com/maps/contrib/114692303620552391563/reviews,2026-07-18T12:18:28.572454,Positive,0.0
ChIJZ_w0Oupn1moRyYfWpkBnSCA,Hector's Deli,"253 Coventry St, South Melbourne VIC 3205, Australia",4.3,996,Akshat Gupta,5,"Stopped by Hector’s Deli and ordered the Beef & Pickles (toasted) and the Chicken Salad (fresh). Even though the inside seating was completely full, the sandwiches were definitely worth the wait. Both were fresh, packed with flavour, and made with quality ingredients. The toasted beef sandwich had a great crunch, while the chicken salad was light and really tasty. A solid spot for a good sandwich, would happily come back.",2026-07-17,1784289378,in the last week,https://www.google.com/maps/contrib/114765292108940534446/reviews,2026-07-18T04:18:13.763755,Positive,0.227
ChIJZ_N3WQBD1moRAv4QI3QbxL8,Hector's Deli,"323 Lygon St, Carlton VIC 3053, Australia",4.5,34,may Ali,5,"First sandwich place I have tried that ISNT overhyped!!! Love the beef and pickles and the chicken salad sandwich and the staff are so friendly and nice!!!!

10/10 recommend",2026-07-17,1784279713,in the last week,https://www.google.com/maps/contrib/105597216429669987024/reviews,2026-07-17T20:18:38.079671,Positive,0.353
ChIJ02xRi2JD1moRJQh-pBNsBeI,Hector's Deli,"111 Moor St, Fitzroy VIC 3065, Australia",4.5,747,Eddy Lukita,5,"Beef and coffee lemon for out late lunch, good one !",2026-07-17,1784264922,in the last week,https://www.google.com/maps/contrib/110704582423895370304/reviews,2026-07-17T16:18:20.040185,Positive,0.287
ChIJZ_w0Oupn1moRyYfWpkBnSCA,Hector's Deli,"253 Coventry St, South Melbourne VIC 3205, Australia",4.3,996,Neslişah Akcan,5,,2026-07-17,1784253479,in the last week,https://www.google.com/maps/contrib/100076744993140295308/reviews,2026-07-17T12:18:14.756701,Positive,0.0
ChIJZ_N3WQBD1moRAv4QI3QbxL8,Hector's Deli,"323 Lygon St, Carlton VIC 3053, Australia",4.5,33,Jordan Singleton,5,Banging sandwich! Be back for sure,2026-07-16,1784169113,in the last week,https://www.google.com/maps/contrib/106149258706759015255/reviews,2026-07-16T16:18:23.322725,Positive,0.25
ChIJyT_pbABD1moRDAP0Mbql6QI,Hector's Deli,"61 Little Collins St, Melbourne VIC 3000, Australia",4.5,599,S,5,I saw this Deli on instagram and thought I would give it a go. I have the ham cheese tomato toastie. It was so good. Pile up with ham and a nice relish on it.  Very busy and popular so as long as you are happy to wait it’s 100% worth it.,2026-07-16,1784155901,in the last week,https://www.google.com/maps/contrib/111504811680672593873/reviews,2026-07-16T12:18:26.693306,Positive,0.44
ChIJyT_pbABD1moRDAP0Mbql6QI,Hector's Deli,"61 Little Collins St, Melbourne VIC 3000, Australia",4.5,598,Iyam Girat,5,"I get the hype! Had the Apple fritter, fluffy light juicy! Perfect! Very friendly and great customer service :)",2026-07-15,1784091865,in the last week,https://www.google.com/maps/contrib/114757403566050302063/reviews,2026-07-15T20:18:36.306889,Positive,0.515
ChIJ5SiiPaVD1moReQEViHlGa-g,Hector's Deli,"33 Stewart St, Richmond VIC 3121, Australia",4.3,213,Dina Gacovski,5,,2026-07-15,1784082866,in the last week,https://www.google.com/maps/contrib/100504496907467315873/reviews,2026-07-15T20:18:39.147820,Positive,0.0
ChIJyT_pbABD1moRDAP0Mbql6QI,Hector's Deli,"61 Little Collins St, Melbourne VIC 3000, Australia",4.5,597,Julie,1,I preordered breakfast and coffee at the Hector's on little collins from their website for a pre work pickup but I didn't know there were two Hector's on little collins street on opposite sides of the CBD and of cause the the wrong one was selected when I entered little collin in the search box. I realised as soon as I put it through but there was zero ways to cancel or adjust. No contact number. I had to travel to the other side of town to get it.,2026-07-15,1784072136,in the last week,https://www.google.com/maps/contrib/116452744515969420526/reviews,2026-07-15T12:18:31.517309,Negative,-0.198
ChIJ02xRi2JD1moRJQh-pBNsBeI,Hector's Deli,"111 Moor St, Fitzroy VIC 3065, Australia",4.5,746,Ellie,5,Elite sandwiches. The fresh chicken sandwich was SO good.,2026-07-14,1784008420,in the last week,https://www.google.com/maps/contrib/101635644788700914104/reviews,2026-07-14T16:18:17.463422,Positive,0.133
ChIJZ_N3WQBD1moRAv4QI3QbxL8,Hector's Deli,"323 Lygon St, Carlton VIC 3053, Australia",4.5,32,caitlin,5,"We came here for a late lunch and it was absolutely exquisite.
We ordered one fried chicken thigh burger with a small potato salad and matcha latte AND a spicy fried chicken breast burger with a fries.

Fried chicken thigh burger - (bun, lettuce, sauce, chicken thigh)

The chicken thigh piece they put on my burger was absolutely huge with bits poking out the side. It was 3x the scale of the bun, so I folded it onto the burger and had layers of chicken. The sauce was tangy and delicious with a strong, almost sour taste, without being overpowering at all. It blended well with the softly sweet burger bun that melted in your mouth and was perfect to accompany the chicken thigh, which was juicy, crispy and delicious. I believe the price was worth it and compared to other burger places I’ve visited, it was quite cheap ($17) for the amount of meat i got.

The potato salad was refreshing and salty with the same sourness/tangy flavour from the sauce. I was informed by the workers that they topped it with kimchi salt. I had never had that before now and I am 100% having it again. It was SO GOOD.

The matcha latte was quite ordinary, just what you would expect from a matcha latte. Earthy, smooth, slight sweetness and creamy (I had it with oat milk)

Spicy fried chicken breast burger - (bun, lettuce, chicken breast, spicy sauce)

The fried chicken fillet was cooked well - juicy, flavourful and with a crispy outside shell. Some of the best chicken I’ve had in a sandwich.
The sauce was sweet, with a mild yet flavourful spice level, which paired well with the chicken. You do get a LOT of sauce in this though, so those who like spicy sauce will love this, as did I.
The bun was soft, fluffy and buttery, offering nice support for the sauce to soak in and hold the chicken.

The fries were cooked well and seasoned in a sweet powder with salt, which may be overpowering for some but I enjoyed it very much nonetheless.

A great sandwich spot and anybody travelling in the Carlton area of Melbourne should check this place out if they haven’t already!",2026-07-14,1784005096,in the last week,https://www.google.com/maps/contrib/102282914249019571520/reviews,2026-07-14T16:18:25.024045,Positive,0.077
ChIJ5SiiPaVD1moReQEViHlGa-g,Hector's Deli,"33 Stewart St, Richmond VIC 3121, Australia",4.3,212,Ann Serpell,5,,2026-07-13,1783933611,in the last week,https://www.google.com/maps/contrib/109691249784912582158/reviews,2026-07-13T20:18:32.772861,Positive,0.0
ChIJ02xRi2JD1moRJQh-pBNsBeI,Hector's Deli,"111 Moor St, Fitzroy VIC 3065, Australia",4.5,745,Alex Kranjec,5,"That’s what I call a sandwich
Best I’ve had and lovely friendly cashier at Fitzroy
Keep it up👍",2026-07-13,1783910375,in the last week,https://www.google.com/maps/contrib/106710236097819493100/reviews,2026-07-13T16:18:24.893349,Positive,0.625
ChIJZ_w0Oupn1moRyYfWpkBnSCA,Hector's Deli,"253 Coventry St, South Melbourne VIC 3205, Australia",4.3,995,Joshua Jeffery,4,Ive eaten here an uncountable number of times. Always going for the beef and pickles. Used to be amazing but recently was not as good as I remember. Still a solid 4 stars. Would recommend.,2026-07-12,1783844873,in the last week,https://www.google.com/maps/contrib/105682608753541368601/reviews,2026-07-12T20:18:17.352954,Positive,0.325
ChIJ5SiiPaVD1moReQEViHlGa-g,Hector's Deli,"33 Stewart St, Richmond VIC 3121, Australia",4.3,211,Liv F,4,,2026-07-12,1783827485,in the last week,https://www.google.com/maps/contrib/110288751262003339384/reviews,2026-07-12T16:18:33.496001,Positive,0.0
ChIJyT_pbABD1moRDAP0Mbql6QI,Hector's Deli,"61 Little Collins St, Melbourne VIC 3000, Australia",4.5,596,Daniel,5,,2026-07-12,1783817603,in the last week,https://www.google.com/maps/contrib/114481892697079049074/reviews,2026-07-12T12:18:30.157037,Positive,0.0
ChIJ5SiiPaVD1moReQEViHlGa-g,Hector's Deli,"33 Stewart St, Richmond VIC 3121, Australia",4.3,210,Leonard Corser,5,,2026-07-12,1783813075,in the last week,https://www.google.com/maps/contrib/102147931406955205467/reviews,2026-07-12T12:18:33.519073,Positive,0.0
ChIJ02xRi2JD1moRJQh-pBNsBeI,Hector's Deli,"111 Moor St, Fitzroy VIC 3065, Australia",4.5,744,Kylie s,5,,2026-07-11,1783772455,in the last week,https://www.google.com/maps/contrib/109540939005118288660/reviews,2026-07-12T04:18:22.997994,Positive,0.0
ChIJZ_w0Oupn1moRyYfWpkBnSCA,Hector's Deli,"253 Coventry St, South Melbourne VIC 3205, Australia",4.3,994,Dean T,5,Heaven.,2026-07-11,1783771454,in the last week,https://www.google.com/maps/contrib/106429416741774765769/reviews,2026-07-12T04:18:15.832882,Positive,0.0
ChIJyT_pbABD1moRDAP0Mbql6QI,Hector's Deli,"61 Little Collins St, Melbourne VIC 3000, Australia",4.5,595,Eiling Lim,5,"Absolutely the place for delicious sandwiches. I had the muffin with cheese, egg and sausage which was super delicious. The beef and pickles was also very good but it’s too big for one person. Definitely recommend to share this beef sandwich. There’s always a queue and waiting time is about 10-15 mins. A few seats are available inside.",2026-07-11,1783770858,in the last week,https://www.google.com/maps/contrib/104341485723553034039/reviews,2026-07-12T04:18:30.655886,Positive,0.405
ChIJtVdgmvhC1moROxwhKPwolNQ,Hector's Deli,"1/94 Buckingham St, Richmond VIC 3121, Australia",4.6,1402,Victoria,5,,2026-07-11,1783756558,in the last week,https://www.google.com/maps/contrib/115054060121413764128/reviews,2026-07-11T20:18:17.831237,Positive,0.0
ChIJtVdgmvhC1moROxwhKPwolNQ,Hector's Deli,"1/94 Buckingham St, Richmond VIC 3121, Australia",4.6,1402,Rachael D'Monte,4,Really liked the salad sandwich and would have have given 5 stars but the chicken (schnitzel) toasted sandwich was a bit of a let down. The bread was a tiny bun that barely covered the schnitzel and there was only a bit of lettuce and sauce. Could have had a bit more filling for the cost. The chips were really tasty and good value for money.,2026-07-11,1783753889,in the last week,https://www.google.com/maps/contrib/105935277237863138953/reviews,2026-07-11T20:18:17.832673,Positive,0.144
ChIJ5SiiPaVD1moReQEViHlGa-g,Hector's Deli,"33 Stewart St, Richmond VIC 3121, Australia",4.3,209,Tynan Turnbull,5,,2026-07-11,1783732021,in the last week,https://www.google.com/maps/contrib/108049281662340851788/reviews,2026-07-11T12:18:27.839094,Positive,0.0
ChIJ5SiiPaVD1moReQEViHlGa-g,Hector's Deli,"33 Stewart St, Richmond VIC 3121, Australia",4.3,209,Madeline Rieveley,5,"Happy 9th Birthday, Hector’s.

You’ve made one extremely pregnant woman’s birthday wishes come true.

Hector’s is one of those rare places that genuinely lives up to the hype.

Every sandwich somehow tastes like it was made by someone who actually cared. Nothing feels overworked or overcomplicated, just beautiful produce, thoughtful combinations and food that’s deliciously imperfect in all the right ways.

What impressed me most, though, was what happened after my visit. I reached out with some feedback, and the care, professionalism and kindness I received in return was extraordinary. So many businesses talk about customer service. Hector’s actually lives it. You can tell there’s a culture of listening, accountability and genuinely caring about the people who walk through the door.

In a city spoiled for great food, that level of hospitality is what sets a business apart.

Thank you for ending my birthday week on such a thoughtful note. You’ve earned a customer for life.",2026-07-11,1783726375,in the last week,https://www.google.com/maps/contrib/104424371579676757856/reviews,2026-07-11T12:18:27.842464,Positive,0.455
ChIJ5SiiPaVD1moReQEViHlGa-g,Hector's Deli,"33 Stewart St, Richmond VIC 3121, Australia",4.3,207,L,2,"I’ve tried the tuna melt, chicken salad and hot salami sandwiches along with their donuts. All the food was a 10/10. However, their drinks are not the best. The matcha tasted very faint, more like flavoured milk, and the chai latte had a weird fishy aftertaste. The lady at the counter was impatient and annoyed, she seemed to treat certain customers better than others.",2026-07-10,1783685667,in the last week,https://www.google.com/maps/contrib/107926919782784630060/reviews,2026-07-11T04:18:34.139437,Negative,0.011
ChIJZ_N3WQBD1moRAv4QI3QbxL8,Hector's Deli,"323 Lygon St, Carlton VIC 3053, Australia",4.5,31,Robert Novak (Rob),5,,2026-07-10,1783679828,in the last week,https://www.google.com/maps/contrib/101760855125315260274/reviews,2026-07-11T04:18:40.756514,Positive,0.0
ChIJZ_N3WQBD1moRAv4QI3QbxL8,Hector's Deli,"323 Lygon St, Carlton VIC 3053, Australia",4.4,30,Oscar Riches,3,Tried the rare beef sandwich. Good portion. Bread was fresh. Beef also seasoned well. However it was all lost in mustard. Mustard everywhere. Way too much mustard. Might as well be call mustard Sando seasoned with beef. A bit disappointing,2026-07-10,1783672860,in the last week,https://www.google.com/maps/contrib/108530839638626839229/reviews,2026-07-10T20:18:35.120029,Positive,0.2
ChIJtVdgmvhC1moROxwhKPwolNQ,Hector's Deli,"1/94 Buckingham St, Richmond VIC 3121, Australia",4.6,1400,Vineel Gaikwad,5,,2026-07-10,1783654935,in the last week,https://www.google.com/maps/contrib/102231842851242078665/reviews,2026-07-10T20:18:18.349792,Positive,0.0
ChIJZ_N3WQBD1moRAv4QI3QbxL8,Hector's Deli,"323 Lygon St, Carlton VIC 3053, Australia",4.4,30,Vineel Gaikwad,5,,2026-07-10,1783654935,in the last week,https://www.google.com/maps/contrib/102231842851242078665/reviews,2026-07-10T20:18:35.120470,Positive,0.0
ChIJZ_N3WQBD1moRAv4QI3QbxL8,Hector's Deli,"323 Lygon St, Carlton VIC 3053, Australia",4.5,28,Fachrul Azhar,5,"EDIT: Management called me right away to rectify the situation, which is appreciated.
——————
Food’s great (have been multiple times before), but they gave me the wrong order (name and food order matched mine, but received a tuna melt instead of fried chicken sandwich)",2026-07-09,1783566398,in the last week,https://www.google.com/maps/contrib/118054498437790990433/reviews,2026-07-09T16:18:35.963532,Positive,0.031
ChIJZ_w0Oupn1moRyYfWpkBnSCA,Hector's Deli,"253 Coventry St, South Melbourne VIC 3205, Australia",4.3,994,steve r,4,"Beef and pickles toasted sandwich was delicious!

Recommended through Instagram as one of the best sandwiches in Melbourne, wasn’t let down.

Busy establishment but with friendly staff, sandwiches only take around 10 minutes and there’s lots of interior and exterior seating for waiting.

also have a bathroom upstairs that they let you use.

Would stop in if around the area",2026-07-08,1783491924,in the last week,https://www.google.com/maps/contrib/113747005671852286733/reviews,2026-07-08T18:56:07.540008,Positive,0.387
ChIJtVdgmvhC1moROxwhKPwolNQ,Hector's Deli,"1/94 Buckingham St, Richmond VIC 3121, Australia",4.6,1400,Nathan Nikoloff,2,Sloppy cheese pickle and mayo sandwich with a small amount of beef for 20 dollars plus.,2026-07-08,1783483361,in the last week,https://www.google.com/maps/contrib/108498949625236082042/reviews,2026-07-08T14:56:21.990765,Negative,-0.333
ChIJtVdgmvhC1moROxwhKPwolNQ,Hector's Deli,"1/94 Buckingham St, Richmond VIC 3121, Australia",4.6,1399,Zora Conroy-Chelius,5,Such amazing sandwiches!! Really recommend the mushroom melt for vegetarians!,2026-07-07,1783397649,in the last week,https://www.google.com/maps/contrib/105185096276069367337/reviews,2026-07-07T16:18:14.079656,Positive,0.396
ChIJyT_pbABD1moRDAP0Mbql6QI,Hector's Deli,"61 Little Collins St, Melbourne VIC 3000, Australia",4.5,594,Volkan Oğuzorhan,5,"Absolutely, you should try these sandwiches! They’re delicious. It can get quite crowded during lunchtime, but it’s definitely worth the wait.",2026-07-07,1783392352,in the last week,https://www.google.com/maps/contrib/109519870096281295705/reviews,2026-07-07T16:18:18.495058,Positive,0.517
ChIJZ_w0Oupn1moRyYfWpkBnSCA,Hector's Deli,"253 Coventry St, South Melbourne VIC 3205, Australia",4.3,993,Akshat Gupta,5,"Stopped by Hector’s Deli and ordered the Beef & Pickles (toasted) and the Chicken Salad (fresh). Even though the inside seating was completely full, the sandwiches were definitely worth the wait. Both were fresh, packed with flavour, and made with quality ingredients. The toasted beef sandwich had a great crunch, while the chicken salad was light and really tasty. A solid spot for a good sandwich, would happily come back.",2026-07-07,1783390485,in the last week,https://www.google.com/maps/contrib/114765292108940534446/reviews,2026-07-07T12:18:16.027941,Positive,0.227
ChIJZ_N3WQBD1moRAv4QI3QbxL8,Hector's Deli,"323 Lygon St, Carlton VIC 3053, Australia",4.4,27,Dubravka Sakowicz,2,"Very odd choice for a salad sandwich not to have tomato, ruining very nice bread and other ingredients, making it more bitter than it should be. It might also explain why the workers were keen to show their bitter personality when asked to wipe down the table.",2026-07-07,1783369548,in the last week,https://www.google.com/maps/contrib/117946361712044209363/reviews,2026-07-07T08:18:47.575529,Negative,0.083
ChIJyT_pbABD1moRDAP0Mbql6QI,Hector's Deli,"61 Little Collins St, Melbourne VIC 3000, Australia",4.5,593,Zach Rishmawi,5,,2026-07-06,1783311778,in the last week,https://www.google.com/maps/contrib/110431184222349728965/reviews,2026-07-06T20:18:26.627941,Positive,0.0
ChIJtVdgmvhC1moROxwhKPwolNQ,Hector's Deli,"1/94 Buckingham St, Richmond VIC 3121, Australia",4.6,1398,Bodhi Ferdman,5,This sandwich was amazing!!!! We shared a Beef & Pickles and it was absolutely delicious. The flavour is so good. And the quality is amazing!! Highly recommend!,2026-07-06,1783309031,in the last week,https://www.google.com/maps/contrib/107130168187432508603/reviews,2026-07-06T20:18:18.641596,Positive,0.768
ChIJ5SiiPaVD1moReQEViHlGa-g,Hector's Deli,"33 Stewart St, Richmond VIC 3121, Australia",4.3,206,Jesse Younger,5,"Bloody amazing! Service was exceptional, staff were very friendly, food, coffee and sweat treats were damn amazing! Will come here again!",2026-07-06,1783296880,in the last week,https://www.google.com/maps/contrib/108179172567845542967/reviews,2026-07-06T12:18:46.834354,Positive,0.408
ChIJ02xRi2JD1moRJQh-pBNsBeI,Hector's Deli,"111 Moor St, Fitzroy VIC 3065, Australia",4.5,744,Monique,5,,2026-07-06,1783294850,in the last week,https://www.google.com/maps/contrib/115187161537006722245/reviews,2026-07-06T12:18:33.674980,Positive,0.0
ChIJtVdgmvhC1moROxwhKPwolNQ,Hector's Deli,"1/94 Buckingham St, Richmond VIC 3121, Australia",4.6,1397,D Grace,5,"Hector’s Deli take on a Rueben is the best. You’ll want to ask for the Beef and Pickles (with cheese and sauce) hot sandwich.
It’s the perfect balance of beef brisket, mustard pickle spread, dill pickles and kraut on roasted light rye. Added cheese and sauce is a must (I’m not sure, but I think the sauce was the Hectic)!
It has just the right amount of everything.
It’s not too dry or sloppy/soggy and it wasn’t a heavy/greasy toastie. Very flavourful but not over the top.
Do yourself a favour and grab one. You won’t regret it
✌️",2026-07-05,1783236577,in the last week,https://www.google.com/maps/contrib/110282052695338195518/reviews,2026-07-05T20:18:18.621626,Positive,0.362
ChIJZ_w0Oupn1moRyYfWpkBnSCA,Hector's Deli,"253 Coventry St, South Melbourne VIC 3205, Australia",4.3,992,Sarang Pande,5,"Great sandwiches 🥪.  Must try the Tuna Melt. Very busy so your order may take some time. If in Melbourne, worth the visit.",2026-07-04,1783151091,in the last week,https://www.google.com/maps/contrib/104739576844582625658/reviews,2026-07-04T20:18:15.623759,Positive,0.41
ChIJyT_pbABD1moRDAP0Mbql6QI,Hector's Deli,"61 Little Collins St, Melbourne VIC 3000, Australia",4.5,592,Evie Jacka,1,wouldn’t hurt to crack a smile n have some energy thx,2026-07-04,1783137029,in the last week,https://www.google.com/maps/contrib/107165607174826405976/reviews,2026-07-04T16:18:30.700456,Negative,0.3
ChIJyT_pbABD1moRDAP0Mbql6QI,Hector's Deli,"61 Little Collins St, Melbourne VIC 3000, Australia",4.5,592,Aruja Bichu,5,,2026-07-04,1783133339,in the last week,https://www.google.com/maps/contrib/104323035222660742631/reviews,2026-07-04T16:18:30.703064,Positive,0.0
ChIJyT_pbABD1moRDAP0Mbql6QI,Hector's Deli,"61 Little Collins St, Melbourne VIC 3000, Australia",4.5,590,Timothy Kumar,5,"One of the best sandwiches I’ve had, definitely a must try",2026-07-03,1783087197,in the last week,https://www.google.com/maps/contrib/110349170623863874076/reviews,2026-07-04T04:18:29.774581,Positive,0.5
ChIJtVdgmvhC1moROxwhKPwolNQ,Hector's Deli,"1/94 Buckingham St, Richmond VIC 3121, Australia",4.6,1397,Tony H,5,,2026-07-03,1783080811,in the last week,https://www.google.com/maps/contrib/110420134188883158420/reviews,2026-07-04T04:18:20.789156,Positive,0.0
ChIJtVdgmvhC1moROxwhKPwolNQ,Hector's Deli,"1/94 Buckingham St, Richmond VIC 3121, Australia",4.6,1396,Mark Harrison,5,"The food is always delicious and consistently fresh, making it one of my go-to lunch spots. I always enjoy the quality and flavour and I’d highly recommend it to anyone looking for a great meal.",2026-07-03,1783046768,in the last week,https://www.google.com/maps/contrib/103514446194745857165/reviews,2026-07-03T13:18:19.641960,Positive,0.532
ChIJtVdgmvhC1moROxwhKPwolNQ,Hector's Deli,"1/94 Buckingham St, Richmond VIC 3121, Australia",4.6,1395,Jane Maddison Resertha,5,"It’s easy to understand why Hector’s Deli is so well regarded. Although it was incredibly busy when we visited, the service never felt rushed or compromised. The staff remained friendly and attentive, and the food was fresh, generously filled, and absolutely delicious.",2026-07-02,1782956348,in the last week,https://www.google.com/maps/contrib/111399013189666270167/reviews,2026-07-02T13:18:18.189784,Positive,0.43
ChIJyT_pbABD1moRDAP0Mbql6QI,Hector's Deli,"61 Little Collins St, Melbourne VIC 3000, Australia",4.5,589,Sydney salary man,3,The hectors experience delivered to the cbd but with some changes? The pastrami in the sandwich was notably minuscule for what you’d expect for a close to $20 sandwich. Nevertheless it maintained the consistent taste.,2026-07-02,1782955798,in the last week,https://www.google.com/maps/contrib/107086335248900553146/reviews,2026-07-02T13:18:27.584157,Positive,0.375
ChIJyT_pbABD1moRDAP0Mbql6QI,Hector's Deli,"61 Little Collins St, Melbourne VIC 3000, Australia",4.5,588,Jack,3,"Good sandwich
When I ordered - they had asked me if I wanted cheese and hectic sauce with the beef and pickles.
One of the cooks came out and gave the person serving me a lecture in front of me how there's signage now about how it's all included and she shouldn't asking in a super condescending way.
Atleast take the two steps away so it's not infront of all the customers.
Or if you're going to do it Infront of customers atleast do it respectfully.
You're making Toasties mate, not ending the conflict in the Middle East.

As someone who is visually impaired, I actually appreciated the ask since the ""signage"" - which was tiny writing on the table. Which I appreciate also isn't your problem.

5 stars for the toastie. 1 star for the culture of the joint.",2026-07-02,1782947663,in the last week,https://www.google.com/maps/contrib/108921384196747832505/reviews,2026-07-02T10:18:38.505797,Positive,0.248
ChIJ02xRi2JD1moRJQh-pBNsBeI,Hector's Deli,"111 Moor St, Fitzroy VIC 3065, Australia",4.5,744,Md Soiud Soiud,5,nice,2026-07-02,1782925757,in the last week,https://www.google.com/maps/contrib/106357165226355777043/reviews,2026-07-02T04:18:22.424376,Positive,0.6
ChIJ02xRi2JD1moRJQh-pBNsBeI,Hector's Deli,"111 Moor St, Fitzroy VIC 3065, Australia",4.5,743,Sally Cory,5,Amazing chicken salad sandwich and almond croissant! The hype is spot on 😁,2026-06-30,1782810109,in the last week,https://www.google.com/maps/contrib/118005002647849993485/reviews,2026-06-30T19:18:22.853639,Positive,-0.075
ChIJ02xRi2JD1moRJQh-pBNsBeI,Hector's Deli,"111 Moor St, Fitzroy VIC 3065, Australia",4.5,743,Tyler Cory,5,,2026-06-30,1782810060,in the last week,https://www.google.com/maps/contrib/109140763435224053264/reviews,2026-06-30T19:18:22.854138,Positive,0.0
ChIJZ_w0Oupn1moRyYfWpkBnSCA,Hector's Deli,"253 Coventry St, South Melbourne VIC 3205, Australia",4.3,991,Ray C,4,,2026-06-30,1782787798,in the last week,https://www.google.com/maps/contrib/102622236318652669160/reviews,2026-06-30T13:18:17.150586,Positive,0.0
ChIJZ_w0Oupn1moRyYfWpkBnSCA,Hector's Deli,"253 Coventry St, South Melbourne VIC 3205, Australia",4.3,991,Thuy Anh Nguyen,2,Not impressed. Do not order the spicy chicken its super salty and sour!,2026-06-30,1782785213,in the last week,https://www.google.com/maps/contrib/114704400328606083175/reviews,2026-06-30T13:18:17.272676,Negative,-0.239
ChIJyT_pbABD1moRDAP0Mbql6QI,Hector's Deli,"61 Little Collins St, Melbourne VIC 3000, Australia",4.5,587,Joshy fab,5,Hand down the best toasted sandwich I've had! Beef and Mushroom with the cheese and extra sauce is fantastic! The staff were lovely as well!!!,2026-06-29,1782693561,in the last week,https://www.google.com/maps/contrib/117612962866700283076/reviews,2026-06-29T13:18:23.397886,Positive,0.464
ChIJyT_pbABD1moRDAP0Mbql6QI,Hector's Deli,"61 Little Collins St, Melbourne VIC 3000, Australia",4.5,586,Nick Waddington,5,Really good sandwiches and great service. Highly recommended,2026-06-28,1782652077,in the last week,https://www.google.com/maps/contrib/117514524940512666382/reviews,2026-06-29T04:18:33.113658,Positive,0.553
ChIJZ_w0Oupn1moRyYfWpkBnSCA,Hector's Deli,"253 Coventry St, South Melbourne VIC 3205, Australia",4.3,989,Debbie P,5,"I’ve been a loyal Hector’s customer for years and have always raved about the incredible food, produce and team. Today, for the very first time, a small item was accidentally left out of my order. Mistakes happen, we’re all human, but what really matters is how a business responds.

Within no time at all, Ebony, the General Manager of Operations, replied with a genuinely kind and thoughtful email and a resolution that was far more generous than I could have expected. I honestly would have been happy with a replacement cinnamon scroll, but they went well above and beyond.

Great food brings people in, but exceptional customer service is what keeps them coming back. Hector’s has both in abundance, and this experience has only strengthened my loyalty. In my opinion, they continue to set the benchmark, not just for the quality of their food, but for the way they value and look after their customers.

Thank you again, Hector’s. You’ve turned a tiny oversight into another reason I’ll keep recommending you to everyone.

P.S. If I had to find one thing to critique, it would simply be that I wish you had more seating, but it’s easy to see why that’s not really possible. That’s a very small trade-off for everything else you do so well.",2026-06-28,1782642733,in the last week,https://www.google.com/maps/contrib/115381501753620930636/reviews,2026-06-29T04:18:17.597302,Positive,0.251
ChIJ5SiiPaVD1moReQEViHlGa-g,Hector's Deli,"33 Stewart St, Richmond VIC 3121, Australia",4.3,205,James,5,"Excellent service and fantastic atmosphere! Very reasonable pricing and great serving sizes, will be back! 👌",2026-06-28,1782637656,in the last week,https://www.google.com/maps/contrib/108502487264329059001/reviews,2026-06-28T19:18:33.267886,Positive,0.512
ChIJyT_pbABD1moRDAP0Mbql6QI,Hector's Deli,"61 Little Collins St, Melbourne VIC 3000, Australia",4.5,585,Craig Pearce,5,"Wow. I would so go back next time I'm in Melb CBD. Sensational Sangers, really interesting and Cooper tasty plus fair value. They could so go franchise but I hope they don't. Worth seeking out.",2026-06-28,1782632790,in the last week,https://www.google.com/maps/contrib/116094753772487361394/reviews,2026-06-28T19:18:29.986562,Positive,0.324
ChIJZ_w0Oupn1moRyYfWpkBnSCA,Hector's Deli,"253 Coventry St, South Melbourne VIC 3205, Australia",4.3,988,Ali Bahram,5,"Great toasties and sandwiches, both hot and cold",2026-06-27,1782551827,in the last week,https://www.google.com/maps/contrib/116344267535412774883/reviews,2026-06-27T19:18:11.022382,Positive,0.15
ChIJ02xRi2JD1moRJQh-pBNsBeI,Hector's Deli,"111 Moor St, Fitzroy VIC 3065, Australia",4.5,741,Emily,5,,2026-06-27,1782530175,in the last week,https://www.google.com/maps/contrib/104301883713822188591/reviews,2026-06-27T13:18:25.872646,Positive,0.0
ChIJZ_w0Oupn1moRyYfWpkBnSCA,Hector's Deli,"253 Coventry St, South Melbourne VIC 3205, Australia",4.3,987,Jamie Cvetkovski (DemonHunter_GTR),2,"Short hair blonde lady with the tattoos is wildly savage and disappointing.

I came in at 10:48am, approached the desk with a smile and greeting. Kindly asked if it's possible to just place my order the fried chicken now and wait until 11 or whatever for it to be served.

She replied No, sorry not possible you'll need to wait until after 11am.... I said you can't just run the order and process it or whatever you need to do when 11am comes around....

She said ""not possible, the system won't let me""... ook Roger that..

I went got coffee came back. Sat on the ledge, no one in line I slow walked up to the counter at 10:57am. A man noticed me and said how can I help, I told him I'm just waiting another 4mins to order the fried chicken. He replied oh yeah no worries we can do that. I said oooh funny that she said I couldn't.

I did think it was an odd and not a real thing on their system that you can't place and pay for the order before 11am.

Understandable if it was 9 or 10am.

Tighten up the ship fellas.",2026-06-27,1782486618,in the last week,https://www.google.com/maps/contrib/110350827806276547079/reviews,2026-06-27T04:18:19.121749,Negative,-0.051
ChIJZ_w0Oupn1moRyYfWpkBnSCA,Hector's Deli,"253 Coventry St, South Melbourne VIC 3205, Australia",4.3,986,Tanya S.,3,"Friendly and welcoming staff with good ambience, however the spicy fried chicken sandwich is a huge miss. I'm a fan of their beef & pickles sandwich but this one was not it. The fried chicken was not crispy at all and honestly felt stale, which is odd because I came just right after 11am. I also found the flavour rather one dimensional. It's a pass for me sadly :(",2026-06-26,1782452553,in the last week,https://www.google.com/maps/contrib/116488284001379374613/reviews,2026-06-26T16:18:14.889659,Neutral,-0.069
ChIJZ_N3WQBD1moRAv4QI3QbxL8,Hector's Deli,"323 Lygon St, Carlton VIC 3053, Australia",4.5,28,Logan 99,3,Seemed like a very tech systems centric restaurant where if it's 10.59am and you try to order something from the 11.00am onward menu it physically can't be done (I'm at fault here but chill). The server at the counter tried but said the system won't let him (I get that and it's fine honestly) Rules are rules. Then I tried to pay cash and was told they don't take cash!? So together those two things made me think the place needs to chill a bit. Pretty good food though but not a relaxed experience at all for me personally.,24/06/2026,1782305783,in the last week,https://www.google.com/maps/contrib/101941165436862428220/reviews,2026-06-25T04:18:43.899121,Positive,0.29
ChIJZ_N3WQBD1moRAv4QI3QbxL8,Hector's Deli,"323 Lygon St, Carlton VIC 3053, Australia",4.5,27,Magpies 1,3,Seemed like a very tech systems centric restaurant where if it's 10.59am and you try to order something from the 11.00am onward menu it physically can't be done (I'm at fault here but chill). The server at the counter tried but said the system won't let him (I get that and it's fine honestly) Rules are rules. Then I tried to pay cash and was told they don't take cash!? So together those two things made me think the place needs to chill a bit. Pretty good food though but not a relaxed experience at all for me personally.,2026-06-24,1782305783,a week ago,https://www.google.com/maps/contrib/111073960009203161602/reviews,2026-07-03T07:18:39.891535,Positive,0.29
ChIJyT_pbABD1moRDAP0Mbql6QI,Hector's Deli,"61 Little Collins St, Melbourne VIC 3000, Australia",4.5,584,Vanessa Chia,3,Personally I don’t think they deserve the hype. Maybe my expectations were too high from all the good reviews. But I found it pretty ordinary.,24/06/2026,1782300394,in the last week,https://www.google.com/maps/contrib/108307297979198819105/reviews,2026-06-25T04:18:32.414942,Positive,0.172
ChIJZ_w0Oupn1moRyYfWpkBnSCA,Hector's Deli,"253 Coventry St, South Melbourne VIC 3205, Australia",4.3,985,G A,5,"Insanely good. I've had many a sandwich across Aus and the world. They've nailed it - the Reuben (beef and pickles), the hot salami and the chicken schnitzel. Wow.

Get in early - seats limited at peak times but we managed to squeeze in at the bar where you watch sammies being hand made.",24/06/2026,1782269249,in the last week,https://www.google.com/maps/contrib/111560203722905910079/reviews,2026-06-24T13:18:23.967709,Positive,0.14
ChIJyT_pbABD1moRDAP0Mbql6QI,Hector's Deli,"61 Little Collins St, Melbourne VIC 3000, Australia",4.5,583,PandN. K,5,The sandwiches here are the most delicious sandwiches I have ever eaten. The service was friendly and efficient.,23/06/2026,1782215725,in the last week,https://www.google.com/maps/contrib/101846406436735914579/reviews,2026-06-24T04:18:33.492918,Positive,0.625
ChIJ02xRi2JD1moRJQh-pBNsBeI,Hector's Deli,"111 Moor St, Fitzroy VIC 3065, Australia",4.5,740,Destructive Odst,5,,23/06/2026,1782191237,in the last week,https://www.google.com/maps/contrib/105931959216049528798/reviews,2026-06-23T16:18:19.710007,Positive,0.0
ChIJZ_w0Oupn1moRyYfWpkBnSCA,Hector's Deli,"253 Coventry St, South Melbourne VIC 3205, Australia",4.3,984,kristian gandolfo,2,"Spicy chicken was nice, soggy towards the end though, really made the end not enjoyable. Fries over salted. Coffee and ranch were a standout above all

Smoked pork shoulder sandwich is just a ham sandwich... really false advertising if you ask me. Im expecting nice house smoked pieces of pork, not sliced Virginian ham. Feel cheated out of a better option",23/06/2026,1782188956,in the last week,https://www.google.com/maps/contrib/101307562681519439225/reviews,2026-06-23T16:18:16.105368,Negative,0.081
ChIJ5SiiPaVD1moReQEViHlGa-g,Hector's Deli,"33 Stewart St, Richmond VIC 3121, Australia",4.3,204,Vin,5,,23/06/2026,1782169757,in the last week,https://www.google.com/maps/contrib/115442886859989624758/reviews,2026-06-23T10:18:33.834670,Positive,0.0
ChIJ02xRi2JD1moRJQh-pBNsBeI,Hector's Deli,"111 Moor St, Fitzroy VIC 3065, Australia",4.5,739,manda susu,2,,22/06/2026,1782123899,in the last week,https://www.google.com/maps/contrib/114721795393060683492/reviews,2026-06-23T04:18:31.612263,Negative,0.0
ChIJZ_N3WQBD1moRAv4QI3QbxL8,Hector's Deli,"323 Lygon St, Carlton VIC 3053, Australia",4.6,27,Anita,3,I got a cinnamon scroll to go today and I was given one already in a takeaway box. I'm questioning how long it was sitting in that box because the bread was dry/stale to the point I waited to get home so I could microwave it. I've had it fresh multiple times at the Richmond location and it was much softer. I won't try it here again,22/06/2026,1782117701,in the last week,https://www.google.com/maps/contrib/118376804113252323186/reviews,2026-06-22T19:18:45.694981,Positive,0.113
ChIJyT_pbABD1moRDAP0Mbql6QI,Hector's Deli,"61 Little Collins St, Melbourne VIC 3000, Australia",4.5,582,JImmy K,4,"Super yummy i ordered the most recommended option based on what was listed here. Almost $22k, this won’t be a regular lunch option but I enjoyed. A friend took me here as I was visiting for work.",22/06/2026,1782111413,in the last week,https://www.google.com/maps/contrib/115977976187939594251/reviews,2026-06-22T19:18:35.485490,Positive,0.333
ChIJ5SiiPaVD1moReQEViHlGa-g,Hector's Deli,"33 Stewart St, Richmond VIC 3121, Australia",4.3,203,Damien Tait,5,"Great donut
Sugary without being sickly
Only $6 as well",22/06/2026,1782094981,in the last week,https://www.google.com/maps/contrib/109024771345260830928/reviews,2026-06-22T13:18:23.752281,Positive,0.4
ChIJyT_pbABD1moRDAP0Mbql6QI,Hector's Deli,"61 Little Collins St, Melbourne VIC 3000, Australia",4.5,581,WheelsOfMelbourne CorporateCars,5,Top notch service with smile and awesome food too,22/06/2026,1782085795,in the last week,https://www.google.com/maps/contrib/102433093217885082542/reviews,2026-06-22T10:18:17.520284,Positive,0.6
ChIJyT_pbABD1moRDAP0Mbql6QI,Hector's Deli,"61 Little Collins St, Melbourne VIC 3000, Australia",4.5,580,Atasya Noor Fatila,3,"usually i don’t write reviews like this, but for this one i feel like i have to.

i visited around 1 pm today and was really excited to try this famous sandwich shop. i ordered the spicy chicken sandwich, but unfortunately i couldn’t finish more than half of it because it was extremely salty.

i’m not sure if i was just unlucky today or if this particular sandwich is usually made this way, but the saltiness completely overpowered every other flavour. i could barely taste the spice at all. it was honestly one of the saltiest sandwiches i’ve ever had, to the point where the saltiness lingered on my tongue long after each bite.

tbh i was a bit disappointed because i had high expectations and was genuinely looking forward to trying it. i’ve heard great things about the tuna melt, so i might give that a try next time and hopefully have a better experience.

i hope this was just an off day and that there can be some improvement in consistency.",21/06/2026,1782047921,in the last week,https://www.google.com/maps/contrib/111296746294097293422/reviews,2026-06-22T07:56:48.101279,Neutral,0.049
ChIJZ_N3WQBD1moRAv4QI3QbxL8,Hector's Deli,"323 Lygon St, Carlton VIC 3053, Australia",4.6,26,Gil Burke,5,,21/06/2026,1782021081,in the last week,https://www.google.com/maps/contrib/113714644409346367807/reviews,2026-06-21T19:48:08.334255,Positive,0.0
ChIJ02xRi2JD1moRJQh-pBNsBeI,Hector's Deli,"111 Moor St, Fitzroy VIC 3065, Australia",4.5,738,Coffee ideology,5,"Hector’s Deli in Fitzroy absolutely lives up to the hype. The sandwiches are incredible, packed with flavour and made with quality ingredients. The laid-back atmosphere and cool neighbourhood feel make it a great spot to grab a bite, and it’s easy to see why people keep coming back.",21/06/2026,1782019773,in the last week,https://www.google.com/maps/contrib/109502903329310202548/reviews,2026-06-21T19:48:00.981718,Positive,0.447
ChIJyT_pbABD1moRDAP0Mbql6QI,Hector's Deli,"61 Little Collins St, Melbourne VIC 3000, Australia",4.5,579,Carter Poynton,4,,21/06/2026,1782018110,in the last week,https://www.google.com/maps/contrib/113315745200596821455/reviews,2026-06-21T19:48:03.786735,Positive,0.0
ChIJZ_N3WQBD1moRAv4QI3QbxL8,Hector's Deli,"323 Lygon St, Carlton VIC 3053, Australia",4.6,25,Faith Cruz,4,"Had the beef and Pickle and it was recommended to have it with hectic sauce and cheese, and the result it just yum. Not a sando type of person but this combo is definitely one I'll have from time to time. Waiting time was a bit long as it was lunch and parking is pretty tight too around the area.",21/06/2026,1781964763,in the last week,https://www.google.com/maps/contrib/113810794869210962297/reviews,2026-06-21T08:01:51.679745,Positive,0.005
ChIJyT_pbABD1moRDAP0Mbql6QI,Hector's Deli,"61 Little Collins St, Melbourne VIC 3000, Australia",4.5,578,Maryiby Garcia,5,"A special thank you to Fabiola for her amazing service. 💪🏻 She was incredibly friendly, ☺️welcoming, and attentive, making our visit a wonderful experience from the moment we arrived.

I absolutely love the coffee and the chicken salad. 🤤

The coffee is always excellent, and the chicken salad is fresh, delicious, and made with high-quality ingredients.

Hector's is one of those places where great food and outstanding customer service come together perfectly. I highly recommend it and will definitely keep coming back!",20/06/2026,1781926161,in the last week,https://www.google.com/maps/contrib/114093738746608210506/reviews,2026-06-20T16:01:19.757129,Positive,0.362
ChIJyT_pbABD1moRDAP0Mbql6QI,Hector's Deli,"61 Little Collins St, Melbourne VIC 3000, Australia",4.5,578,Jeremytraveller,4,"I'm a huge fan of their chicken salad; every Saturday I'm in town it's a must-stop, especially because of the service from the Mexican girl, Fabiola, who always has a smile and provides excellent service. Highly recommended",20/06/2026,1781924311,in the last week,https://www.google.com/maps/contrib/113764060480540291545/reviews,2026-06-20T16:01:19.758477,Positive,0.18
ChIJtVdgmvhC1moROxwhKPwolNQ,Hector's Deli,"1/94 Buckingham St, Richmond VIC 3121, Australia",4.6,1394,Jed Yanagawa,1,"First of all, please don’t misunderstand me—your Beef & Pickles sandwich is absolutely delicious. In fact, I came back for a second day in a row because it’s genuinely one of the best sandwiches I’ve ever had.

Unfortunately, my experience this morning completely ruined what had otherwise been a great impression.

Normally, I don’t pay much attention to prices. However, when I was charged $43 for two sandwiches, I was a little confused because the menu outside clearly listed them at $17.50 each. When I collected my order, I politely asked the young lady at the counter:

“Sorry, I’m just a little confused. The menu outside says the sandwich is $17.50, so could you please explain why I was charged $43 for two?”

In my opinion, asking a simple question like this is a customer’s most basic right.

However, the moment I asked, the young woman in the red shirt who was making coffee looked at me with an expression that made me extremely uncomfortable. It was a look of annoyance, impatience, and complete disdain—as if my question was somehow ridiculous. She rolled her eyes and looked at me with obvious contempt.

At that moment, I honestly wanted to ask her three questions:

1. I wasn’t even speaking to you.
2. As a paying customer, do I not have the right to ask a simple question?
3. As someone working in hospitality, have you completely forgotten the basic standards of professionalism and respect?

There were several other customers waiting to collect their orders at the time. Although I was upset and wanted to confront her, I didn’t want to hold everyone else up. The staff member at the counter answered my question professionally, so I simply thanked her and left.

But after I got home, I couldn’t stop thinking about what had happened. The whole interaction left me feeling genuinely uncomfortable.

That’s why I’ve decided to share this experience publicly here, and I will also be forwarding this feedback, exactly as written, to your head office management.

Your food is excellent, and that’s exactly why this experience was so disappointing.

When you’re charging more than $20 for a sandwich, customers expect more than just great food—they also expect the most basic level of courtesy and respect.

I sincerely hope the company continues maintaining its food quality while also placing greater emphasis on staff training, professionalism, and customer service. Respect costs nothing, but it means everything.",20/06/2026,1781919797,in the last week,https://www.google.com/maps/contrib/100199108425433558307/reviews,2026-06-20T12:01:22.387160,Negative,0.127
ChIJZ_w0Oupn1moRyYfWpkBnSCA,Hector's Deli,"253 Coventry St, South Melbourne VIC 3205, Australia",4.3,983,Blake Giovenco,1,Terrible experience tried to order 4 sandwiches & got told they couldn’t remove the tomato to make it just a ham & cheese. Ask to have one of the fresh sandwiches toasted & also got told this was not possible. Lady behind the counter was rude & I would advise people to go next door to Ju Ju’s.,20/06/2026,1781917617,in the last week,https://www.google.com/maps/contrib/113045613195817889839/reviews,2026-06-20T12:01:14.267897,Negative,-0.233
ChIJ02xRi2JD1moRJQh-pBNsBeI,Hector's Deli,"111 Moor St, Fitzroy VIC 3065, Australia",4.5,737,Forks Given,5,"Hector’s Deli absolutely lived up to the hype! The sandwiches were incredible!! They are packed with flavour, made with quality ingredients, and generously filled. Every bite was delicious.

The service was friendly and efficient, and despite how busy it was, everything ran smoothly. You can tell a lot of care goes into both the food and the customer experience.

If you’re looking for one of the best sandwiches in Melbourne, Hector’s Deli is a must-visit. I’ll definitely be back!",19/06/2026,1781849181,in the last week,https://www.google.com/maps/contrib/117299386161503051625/reviews,2026-06-20T12:01:29.274848,Positive,0.503
ChIJ02xRi2JD1moRJQh-pBNsBeI,Hector's Deli,"111 Moor St, Fitzroy VIC 3065, Australia",4.5,738,Rate Expectations,5,"Hector’s Deli absolutely lived up to the hype! The sandwiches were incredible!! They are packed with flavour, made with quality ingredients, and generously filled. Every bite was delicious.

The service was friendly and efficient, and despite how busy it was, everything ran smoothly. You can tell a lot of care goes into both the food and the customer experience.

If you’re looking for one of the best sandwiches in Melbourne, Hector’s Deli is a must-visit. I’ll definitely be back!",19/06/2026,1781849181,in the last week,https://www.google.com/maps/contrib/117299386161503051625/reviews,2026-06-22T07:56:44.550036,Positive,0.503
ChIJ02xRi2JD1moRJQh-pBNsBeI,Hector's Deli,"111 Moor St, Fitzroy VIC 3065, Australia",4.5,736,Gaurav Nuniyal,5,"Ordered Mushroom melt.. crispy bread, melty cheese with mustard and star of the sandwich.. creamy mushrooms.

One of the best sandwich shops in Melbourne... Hands down",19/06/2026,1781844504,in the last week,https://www.google.com/maps/contrib/105943610758900542496/reviews,2026-06-19T16:00:59.169772,Positive,0.422
ChIJ02xRi2JD1moRJQh-pBNsBeI,Hector's Deli,"111 Moor St, Fitzroy VIC 3065, Australia",4.5,736,Ben Wood,5,,19/06/2026,1781841597,in the last week,https://www.google.com/maps/contrib/103270298925244802611/reviews,2026-06-19T16:00:59.170379,Positive,0.0
ChIJtVdgmvhC1moROxwhKPwolNQ,Hector's Deli,"1/94 Buckingham St, Richmond VIC 3121, Australia",4.6,1394,Susannah Powell,5,"Busy & popular for a reason - best beef & pickles sandwich I've had in 20 years in Australia - as a North American hahaha I was happy!
The tuna melt was o...k...
Wish they'd make enough apple frittters to last till lunchtime - havent managed to get one yet",18/06/2026,1781774584,in the last week,https://www.google.com/maps/contrib/104144150876020990665/reviews,2026-06-18T20:00:48.946097,Positive,0.362
ChIJtVdgmvhC1moROxwhKPwolNQ,Hector's Deli,"1/94 Buckingham St, Richmond VIC 3121, Australia",4.6,1394,Anthony,2,Expensive and all hype. They charge you extra for sauce. But wouldn’t a $17.5 sandwich already have that included. Rare sandwich was 7/10 at best. Save yourself the time and dignity of going to these places and getting ripped off,18/06/2026,1781774161,in the last week,https://www.google.com/maps/contrib/109744374101047666644/reviews,2026-06-18T20:00:48.947425,Negative,0.2
ChIJ02xRi2JD1moRJQh-pBNsBeI,Hector's Deli,"111 Moor St, Fitzroy VIC 3065, Australia",4.5,735,Yuka F,5,"The latte and donut were absolutely delicious ☕️🍩‼ Above all, the staff were so friendly and full of smiles, it was a wonderful atmosphere ☺️ I'll definitely come again 💭🚲 Thank you for the meal :)",18/06/2026,1781746702,in the last week,https://www.google.com/maps/contrib/115617761451122811792/reviews,2026-06-18T12:01:05.493383,Positive,0.461
ChIJ02xRi2JD1moRJQh-pBNsBeI,Hector's Deli,"111 Moor St, Fitzroy VIC 3065, Australia",4.5,735,Zachary Chin,5,"Such a lovely little spot! Great vibes, staff are super warm and friendly, quick with their service and always put out an amazing meal (pls do yourself a favour and get the fried chicken sandwich).

Food is great, coffee always consistent, donuts a nice little touch - but nothing compares to the feeling of going somewhere and being treated and spoken to like a real human being. Not being treated like just another customer in line or just another interaction to get through. Well done team! 🫶

Shoutout to Jo (I think she's the manager?) who always goes above and beyond to make sure everything runs smoothly. The team looks like they're well organised and well led, and it shows!",18/06/2026,1781737707,in the last week,https://www.google.com/maps/contrib/107754384868896400803/reviews,2026-06-18T12:01:05.496208,Positive,0.287
ChIJZ_w0Oupn1moRyYfWpkBnSCA,Hector's Deli,"253 Coventry St, South Melbourne VIC 3205, Australia",4.4,983,brian buster,5,💕Please💕 Read this. I noticed your business has some negative reviews that may harm it. If you want to remove negative reviews from your Google Business contact me via the details in my profile. After work you can pay...,17/06/2026,1781629820,in the last week,https://www.google.com/maps/contrib/113765452528010008480/reviews,2026-06-17T12:01:09.631343,Positive,-0.3
ChIJ02xRi2JD1moRJQh-pBNsBeI,Hector's Deli,"111 Moor St, Fitzroy VIC 3065, Australia",4.5,733,brian buster,5,💕Please💕 Read this. I noticed your business has some negative reviews that may harm it. If you want to remove negative reviews from your Google Business contact me via the details in my profile. After work you can pay...,17/06/2026,1781629809,in the last week,https://www.google.com/maps/contrib/113765452528010008480/reviews,2026-06-17T12:01:25.829615,Positive,-0.3
ChIJtVdgmvhC1moROxwhKPwolNQ,Hector's Deli,"1/94 Buckingham St, Richmond VIC 3121, Australia",4.6,1393,brian buster,5,💕Please💕 Read this. I noticed your business has some negative reviews that may harm it. If you want to remove negative reviews from your Google Business contact me via the details in my profile. After work you can pay...,17/06/2026,1781629796,in the last week,https://www.google.com/maps/contrib/113765452528010008480/reviews,2026-06-17T12:01:18.570311,Positive,-0.3
ChIJyT_pbABD1moRDAP0Mbql6QI,Hector's Deli,"61 Little Collins St, Melbourne VIC 3000, Australia",4.5,576,Pubudu Dishan,5,,17/06/2026,1781622868,in the last week,https://www.google.com/maps/contrib/112308843163606101355/reviews,2026-06-17T12:01:35.467587,Positive,0.0
ChIJ5SiiPaVD1moReQEViHlGa-g,Hector's Deli,"33 Stewart St, Richmond VIC 3121, Australia",4.3,203,Aldren Nerdla,4,This place is next to richmond station.,16/06/2026,1781598595,in the last week,https://www.google.com/maps/contrib/103305366429023260260/reviews,2026-06-16T20:00:53.375257,Positive,0.0
ChIJ5SiiPaVD1moReQEViHlGa-g,Hector's Deli,"33 Stewart St, Richmond VIC 3121, Australia",4.3,202,Shaun Molloy,5,,16/06/2026,1781580372,in the last week,https://www.google.com/maps/contrib/111939433022367228378/reviews,2026-06-16T16:01:22.800131,Positive,0.0
ChIJtVdgmvhC1moROxwhKPwolNQ,Hector's Deli,"1/94 Buckingham St, Richmond VIC 3121, Australia",4.6,1392,Shaun Molloy,5,,16/06/2026,1781580008,in the last week,https://www.google.com/maps/contrib/111939433022367228378/reviews,2026-06-16T16:01:04.293168,Positive,0.0
ChIJ02xRi2JD1moRJQh-pBNsBeI,Hector's Deli,"111 Moor St, Fitzroy VIC 3065, Australia",4.5,732,Neve Sutherland,5,unreal!! food and service was amazing,16/06/2026,1781571865,in the last week,https://www.google.com/maps/contrib/103154068343737606253/reviews,2026-06-16T12:01:04.483298,Positive,0.6
ChIJtVdgmvhC1moROxwhKPwolNQ,Hector's Deli,"1/94 Buckingham St, Richmond VIC 3121, Australia",4.6,1391,Natasha Rajdev,5,,15/06/2026,1781504256,in the last week,https://www.google.com/maps/contrib/108969155562409129494/reviews,2026-06-15T20:01:04.547148,Positive,0.0
ChIJyT_pbABD1moRDAP0Mbql6QI,Hector's Deli,"61 Little Collins St, Melbourne VIC 3000, Australia",4.5,576,Mrinaldas Vengalat,5,Beef and Pickle is super good.,15/06/2026,1781503122,in the last week,https://www.google.com/maps/contrib/112064215048520277879/reviews,2026-06-15T16:01:07.547477,Positive,0.517
ChIJtVdgmvhC1moROxwhKPwolNQ,Hector's Deli,"1/94 Buckingham St, Richmond VIC 3121, Australia",4.6,1390,Jed Yang,5,,15/06/2026,1781500767,in the last week,https://www.google.com/maps/contrib/100199108425433558307/reviews,2026-06-15T16:00:54.831721,Positive,0.0
ChIJyT_pbABD1moRDAP0Mbql6QI,Hector's Deli,"61 Little Collins St, Melbourne VIC 3000, Australia",4.5,576,Richa,4,,15/06/2026,1781495636,in the last week,https://www.google.com/maps/contrib/102146816306164015110/reviews,2026-06-15T16:01:07.547928,Positive,0.0
ChIJyT_pbABD1moRDAP0Mbql6QI,Hector's Deli,"61 Little Collins St, Melbourne VIC 3000, Australia",4.5,576,Sophie J,5,"Highly recommend the pork sandwich and the fried chicken sandwich! The flavours were spot on and the fried chicken was very crispy and juicy, the bread was pillowy soft.",15/06/2026,1781493972,in the last week,https://www.google.com/maps/contrib/115924174642870096777/reviews,2026-06-15T16:01:07.549696,Positive,-0.178
ChIJtVdgmvhC1moROxwhKPwolNQ,Hector's Deli,"1/94 Buckingham St, Richmond VIC 3121, Australia",4.6,1389,Daniel Watt,5,"One of the best cups of coffee I have ever had. The food was good too. But they need to figure out their food distribution: the pass is so far away from the floor staff that they only hear ‘order up’ on the 2nd, up to 4th call.",15/06/2026,1781479626,in the last week,https://www.google.com/maps/contrib/100260071502716519386/reviews,2026-06-15T12:00:39.581409,Positive,0.36
ChIJ5SiiPaVD1moReQEViHlGa-g,Hector's Deli,"33 Stewart St, Richmond VIC 3121, Australia",4.3,202,Tom Lawrence,1,It’s 7 degrees outside and the door was wide open and no heat on. I came wanting a pleasant breakfast experience. But it’s far too cold to be enjoyable in this restaurant.,15/06/2026,1781477345,in the last week,https://www.google.com/maps/contrib/107960720691696157304/reviews,2026-06-15T12:01:03.454306,Negative,0.09
ChIJyT_pbABD1moRDAP0Mbql6QI,Hector's Deli,"61 Little Collins St, Melbourne VIC 3000, Australia",4.5,573,Kevin Bryan,5,"Thought it was overhyped but I was wrong, best sandwich of my life. Crispy turkish bread with loads of good meat 💪",14/06/2026,1781432274,in the last week,https://www.google.com/maps/contrib/106242845752426093148/reviews,2026-06-14T20:40:32.561008,Positive,0.4
ChIJZ_w0Oupn1moRyYfWpkBnSCA,Hector's Deli,"253 Coventry St, South Melbourne VIC 3205, Australia",4.3,983,janitha nadarajah,5,Super friendly staffs and  super easy to order. It was so crowded  and  Arvind serviced our  order super fast,14/06/2026,1781412819,in the last week,https://www.google.com/maps/contrib/101446502350250485649/reviews,2026-06-14T16:00:59.122633,Positive,0.335
ChIJyT_pbABD1moRDAP0Mbql6QI,Hector's Deli,"61 Little Collins St, Melbourne VIC 3000, Australia",4.5,572,Ben Steyn,5,"Sandwiches that will make you return for more and more! The line and crowd of people might be intimidating, but it’s well worth it and actually does not take too long to be served. Limited seating available.",14/06/2026,1781379432,in the last week,https://www.google.com/maps/contrib/104266530975669191849/reviews,2026-06-14T08:01:13.920331,Positive,0.243
ChIJtVdgmvhC1moROxwhKPwolNQ,Hector's Deli,"1/94 Buckingham St, Richmond VIC 3121, Australia",4.6,1388,Bec H,5,The mushroom melt is out of this world! 😍🤯 It's hands-down the best sandwich in Melbourne.,13/06/2026,1781322942,in the last week,https://www.google.com/maps/contrib/106243058046723595256/reviews,2026-06-13T16:00:33.556071,Positive,1.0
ChIJtVdgmvhC1moROxwhKPwolNQ,Hector's Deli,"1/94 Buckingham St, Richmond VIC 3121, Australia",4.6,1387,Nicky Betts,5,"Had the fried chicken thigh and the pork shoulder, they were both delicious! The pork was processed meat, which I wasn't expecting, but it still tasted delicious. The fried chicken thigh was crispy on the outside and juicy on the inside. I'd love to come back and try any of their other sandwiches.",13/06/2026,1781302334,in the last week,https://www.google.com/maps/contrib/113333376199800425396/reviews,2026-06-13T12:40:37.260674,Positive,0.147
ChIJZ_N3WQBD1moRAv4QI3QbxL8,Hector's Deli,"323 Lygon St, Carlton VIC 3053, Australia",4.6,24,Marvin Ortega,5,,12/06/2026,1781239745,in the last week,https://www.google.com/maps/contrib/101148133995928563774/reviews,2026-06-12T16:01:00.191484,Positive,0.0
ChIJ02xRi2JD1moRJQh-pBNsBeI,Hector's Deli,"111 Moor St, Fitzroy VIC 3065, Australia",4.5,731,Martyn Shaddick,2,"I went to the Fitzroy store about 11:45 am, so a bit before the lunchtime rush. Service was polite and friendly and the order took about five minutes to deliver. No problems so far.

However, as the menu does not list what bread you get with each sandwich, I asked what the bread options are. The serving person told me that all sandwiches come with a pre-allotted bread that is not interchangeable.  As I had not been to this establishment before and trusting their wisdom (and the hype about them), I ordered the fresh Rare Beef Sandwich.

I was to discover that all fresh sandwiches are prepared with a less than fresh Turkish style bread. I don’t know why, but I was expecting a sandwich to be prepared with a choice of fresh bread (I had a rye in mind for this sandwich).

The fresh Rare Beef Sandwich was overly smothered with a sweet mayonnaise goo that was not appealing or appetising.

While it was a large enough raw Focaccia “Sandwich”, it did not warrant the $17 price bracket.

For me, this place is like an overpriced, inflexible version of McDonald’s",12/06/2026,1781232877,in the last week,https://www.google.com/maps/contrib/102665163374446460735/reviews,2026-06-12T16:00:32.284695,Negative,0.131
ChIJ5SiiPaVD1moReQEViHlGa-g,Hector's Deli,"33 Stewart St, Richmond VIC 3121, Australia",4.3,201,I's Work,5,Plenty of seating and great ambience. Food was fast and hot.,12/06/2026,1781224354,in the last week,https://www.google.com/maps/contrib/101910975993313552335/reviews,2026-06-12T12:01:05.240263,Positive,0.417
ChIJZ_w0Oupn1moRyYfWpkBnSCA,Hector's Deli,"253 Coventry St, South Melbourne VIC 3205, Australia",4.3,982,Lilly Sweid,5,The sandwiches here were absolutely amazing wow! And the service especially the manager making the sandwich was so nice and accommodating! Will definitely be back thank you all!,11/06/2026,1781145955,in the last week,https://www.google.com/maps/contrib/108534994317144655021/reviews,2026-06-11T16:00:19.287899,Positive,0.295
ChIJtVdgmvhC1moROxwhKPwolNQ,Hector's Deli,"1/94 Buckingham St, Richmond VIC 3121, Australia",4.6,1386,John Kyp,5,,10/06/2026,1781087745,in the last week,https://www.google.com/maps/contrib/110568412327567117275/reviews,2026-06-11T08:00:46.289130,Positive,0.0
ChIJZ_w0Oupn1moRyYfWpkBnSCA,Hector's Deli,"253 Coventry St, South Melbourne VIC 3205, Australia",4.3,981,Pubudu Dishan,5,,10/06/2026,1781068068,in the last week,https://www.google.com/maps/contrib/112308843163606101355/reviews,2026-06-10T16:00:34.543392,Positive,0.0
ChIJyT_pbABD1moRDAP0Mbql6QI,Hector's Deli,"61 Little Collins St, Melbourne VIC 3000, Australia",4.5,571,Marlon Jr. Caballero,5,,10/06/2026,1781063979,in the last week,https://www.google.com/maps/contrib/102783754605212007381/reviews,2026-06-11T12:00:45.979372,Positive,0.0
ChIJ5SiiPaVD1moReQEViHlGa-g,Hector's Deli,"33 Stewart St, Richmond VIC 3121, Australia",4.3,199,molly,1,I came here at open and waited 15 mins for a latte while the barista was busy trying to pull the bird on the register. Insane moves considering I was the only other person in the store. Wild!,9/06/2026,1781010712,in the last week,https://www.google.com/maps/contrib/117021042839714214793/reviews,2026-06-10T12:01:35.652409,Negative,-0.15
ChIJyT_pbABD1moRDAP0Mbql6QI,Hector's Deli,"61 Little Collins St, Melbourne VIC 3000, Australia",4.5,570,Tuyền Thanh,4,"beef pickle is good, i love their cinnamon roll, hot chocolate too",9/06/2026,1780970216,in the last week,https://www.google.com/maps/contrib/115151863023412246772/reviews,2026-06-09T20:15:12.921971,Positive,0.483
ChIJyT_pbABD1moRDAP0Mbql6QI,Hector's Deli,"61 Little Collins St, Melbourne VIC 3000, Australia",4.5,570,L Chan,5,,8/06/2026,1780919868,in the last week,https://www.google.com/maps/contrib/100410856748329706561/reviews,2026-06-09T20:15:12.922117,Positive,0.0
ChIJyT_pbABD1moRDAP0Mbql6QI,Hector's Deli,"61 Little Collins St, Melbourne VIC 3000, Australia",4.5,570,Elijah Goh,5,"Good pastrami and pickle sandwich but phenomenal glazed donuts. I think the glazed donut is one of the top 3 donuts I’ve had, really fluffy inside with an addicting glaze.

Personally was satisfied with the amount of beef inside the sandwich, as well as the serving size!",8/06/2026,1780916392,in the last week,https://www.google.com/maps/contrib/115500864215002365829/reviews,2026-06-09T20:15:12.922508,Positive,0.354
ChIJZ_w0Oupn1moRyYfWpkBnSCA,Hector's Deli,"253 Coventry St, South Melbourne VIC 3205, Australia",4.3,981,Joao Kuan,4,,8/06/2026,1780903912,in the last week,https://www.google.com/maps/contrib/100699640375432285592/reviews,2026-06-08T20:00:21.552962,Positive,0.0
ChIJtVdgmvhC1moROxwhKPwolNQ,Hector's Deli,"1/94 Buckingham St, Richmond VIC 3121, Australia",4.6,1386,Mer M,5,Sandwiches are pretty good!!,8/06/2026,1780894316,in the last week,https://www.google.com/maps/contrib/101970281755927062523/reviews,2026-06-08T16:00:24.750886,Positive,0.625
ChIJ02xRi2JD1moRJQh-pBNsBeI,Hector's Deli,"111 Moor St, Fitzroy VIC 3065, Australia",4.5,730,Bhavya Patel,5,,8/06/2026,1780893135,in the last week,https://www.google.com/maps/contrib/110240361714428609967/reviews,2026-06-08T16:00:28.283857,Positive,0.0
ChIJZ_w0Oupn1moRyYfWpkBnSCA,Hector's Deli,"253 Coventry St, South Melbourne VIC 3205, Australia",4.3,980,Pocky Pocky,2,"Wrong order, not a great sandwich.",8/06/2026,1780862589,in the last week,https://www.google.com/maps/contrib/116173549005557636017/reviews,2026-06-08T16:00:21.550334,Negative,-0.45
ChIJ02xRi2JD1moRJQh-pBNsBeI,Hector's Deli,"111 Moor St, Fitzroy VIC 3065, Australia",4.5,729,The little traveller,5,,7/06/2026,1780813470,in the last week,https://www.google.com/maps/contrib/100112086680803149982/reviews,2026-06-07T20:00:35.653701,Positive,0.0
ChIJZ_N3WQBD1moRAv4QI3QbxL8,Hector's Deli,"323 Lygon St, Carlton VIC 3053, Australia",4.6,23,The little traveller,5,,7/06/2026,1780813459,in the last week,https://www.google.com/maps/contrib/100112086680803149982/reviews,2026-06-07T20:01:00.696897,Positive,0.0
ChIJtVdgmvhC1moROxwhKPwolNQ,Hector's Deli,"1/94 Buckingham St, Richmond VIC 3121, Australia",4.6,1385,Jeremy Johnson,1,"It seems like a change in their operations has brought this place down quite a lot. The line to order moves so slowly.

I waited >20 mins to order a cold brew only to be given an iced long black.",7/06/2026,1780805871,in the last week,https://www.google.com/maps/contrib/106075848913634768706/reviews,2026-06-07T20:00:30.455675,Negative,-0.212
ChIJyT_pbABD1moRDAP0Mbql6QI,Hector's Deli,"61 Little Collins St, Melbourne VIC 3000, Australia",4.5,567,Thyra Chao,3,"I ordered spicy chicken, and it was extremely salty even though I like salty food. It was coated with a lot of salt and pepper so the meat ratio doesn’t match with the seasoning. But the tuna was really good!",6/06/2026,1780712330,in the last week,https://www.google.com/maps/contrib/116508641850857078248/reviews,2026-06-06T20:00:46.830064,Neutral,0.05
ChIJ02xRi2JD1moRJQh-pBNsBeI,Hector's Deli,"111 Moor St, Fitzroy VIC 3065, Australia",4.5,728,Nelson Manio,5,Great breakfast sandwich 😃😃😃😃,6/06/2026,1780707673,in the last week,https://www.google.com/maps/contrib/107558862006046321691/reviews,2026-06-06T12:00:24.075212,Positive,0.8
ChIJZ_w0Oupn1moRyYfWpkBnSCA,Hector's Deli,"253 Coventry St, South Melbourne VIC 3205, Australia",4.4,979,Rob Rees,5,,5/06/2026,1780667113,in the last week,https://www.google.com/maps/contrib/105527317492008468732/reviews,2026-06-06T08:00:15.475666,Positive,0.0
ChIJtVdgmvhC1moROxwhKPwolNQ,Hector's Deli,"1/94 Buckingham St, Richmond VIC 3121, Australia",4.6,1384,Evalyn,4,awesome sandwich and donuts. great atmosphere. matcha was great too,5/06/2026,1780657418,in the last week,https://www.google.com/maps/contrib/112689475472256982766/reviews,2026-06-06T08:00:18.226504,Positive,0.867
ChIJZ_N3WQBD1moRAv4QI3QbxL8,Hector's Deli,"323 Lygon St, Carlton VIC 3053, Australia",4.6,22,Tim Van Loan,5,I had a life changing spicy chicken sandwich. One of the best chicken sandos of my life and I’m a dang connoisseur.,5/06/2026,1780651749,in the last week,https://www.google.com/maps/contrib/108666430732071837953/reviews,2026-06-05T20:00:27.629713,Positive,-0.067
ChIJyT_pbABD1moRDAP0Mbql6QI,Hector's Deli,"61 Little Collins St, Melbourne VIC 3000, Australia",4.5,566,Peter Lock,5,,5/06/2026,1780645008,in the last week,https://www.google.com/maps/contrib/105024420623303345999/reviews,2026-06-05T20:00:23.218744,Positive,0.0
ChIJyT_pbABD1moRDAP0Mbql6QI,Hector's Deli,"61 Little Collins St, Melbourne VIC 3000, Australia",4.5,566,Tameka thornton,5,,5/06/2026,1780644225,in the last week,https://www.google.com/maps/contrib/104223101598903093797/reviews,2026-06-05T20:00:23.219980,Positive,0.0
ChIJZ_N3WQBD1moRAv4QI3QbxL8,Hector's Deli,"323 Lygon St, Carlton VIC 3053, Australia",4.6,22,Rebecca Spiller,5,🔥,5/06/2026,1780643996,in the last week,https://www.google.com/maps/contrib/115104398695785034557/reviews,2026-06-05T20:00:27.630704,Positive,0.0
ChIJZ_N3WQBD1moRAv4QI3QbxL8,Hector's Deli,"323 Lygon St, Carlton VIC 3053, Australia",4.6,20,Tim A,3,"Was very keen to try considering the hype the brand has built from the other locations, but the 2 sandwiches I've tried were pretty average, there are better options available in Carlton. The spritzes and baked goods are nice though, and service is great.",5/06/2026,1780633533,in the last week,https://www.google.com/maps/contrib/117083603595124036613/reviews,2026-06-05T16:00:23.242302,Positive,0.309
ChIJyT_pbABD1moRDAP0Mbql6QI,Hector's Deli,"61 Little Collins St, Melbourne VIC 3000, Australia",4.5,564,Rick K,5,,5/06/2026,1780627589,in the last week,https://www.google.com/maps/contrib/102168251142723244896/reviews,2026-06-05T16:00:18.662120,Positive,0.0
ChIJZ_N3WQBD1moRAv4QI3QbxL8,Hector's Deli,"323 Lygon St, Carlton VIC 3053, Australia",4.6,20,Asma S,3,Expected fast pace service because it's hector's but it's still pretty slow even if it's not busy,5/06/2026,1780620691,in the last week,https://www.google.com/maps/contrib/117530633232105067947/reviews,2026-06-05T12:00:41.414483,Neutral,0.0
ChIJZ_w0Oupn1moRyYfWpkBnSCA,Hector's Deli,"253 Coventry St, South Melbourne VIC 3205, Australia",4.4,978,Zihin Gıcırtısı,3,"Daha Melbourne gelmeden YouTube kanallarında şehir lezzetleri listeme aldığım tostçu. Aylarca bekledim ve nihayet o gün gelip siparişi verdim. Domuz ürünleri yemiyorum ve hangi üründe domuz olmadığını incelemek zaman aldı. Sıra olduğu halde kasa görevlisi ve içerdeki tüm ekip gayet güleryüzlüydü. Paket alanlar ve içerde yiyenler aynı yerde bekleyince biraz karışıklık yaşatıyor. Fakat Herkese siparişler üstünde etiket olan kâğıt pakette veriliyor. Ürünler hazırlık aşamasında müşterinin gözü önünde yapılıyor güven verici ve izlemek keyifli,  küçük ekmeklere o kadar malzeme dökülmeden nasıl sığıyor şaşkınım 🤩 sipariş geldiğinde heyecan doruktaydı fakat tuz oranı yüksek ve malzemelerin tadı çok hayal ettiğim gibi mach olmamıştı. Herkesin emeğine sağlık",5/06/2026,1780618018,in the last week,https://www.google.com/maps/contrib/104054080001412941374/reviews,2026-06-05T12:00:20.137239,Neutral,0.0
ChIJ5SiiPaVD1moReQEViHlGa-g,Hector's Deli,"33 Stewart St, Richmond VIC 3121, Australia",4.3,198,Lili Ghodrati,5,The best donuts on earth. That's all I have to say.,4/06/2026,1780576673,in the last week,https://www.google.com/maps/contrib/116447787138774034570/reviews,2026-06-05T05:44:15.371002,Positive,1.0
ChIJZ_w0Oupn1moRyYfWpkBnSCA,Hector's Deli,"253 Coventry St, South Melbourne VIC 3205, Australia",4.4,978,HB,5,,4/06/2026,1780558163,in the last week,https://www.google.com/maps/contrib/103986893452848752959/reviews,2026-06-05T05:44:01.087141,Positive,0.0
ChIJZ_w0Oupn1moRyYfWpkBnSCA,Hector's Deli,"253 Coventry St, South Melbourne VIC 3205, Australia",4.4,978,Berk Baysan,5,"Fried chicken, beautiful",4/06/2026,1780546405,in the last week,https://www.google.com/maps/contrib/114695330973899145720/reviews,2026-06-05T05:44:01.341077,Positive,0.125
ChIJ5SiiPaVD1moReQEViHlGa-g,Hector's Deli,"33 Stewart St, Richmond VIC 3121, Australia",4.3,200,Emp Sie,2,"Fantastic baked goods, not so for coffee (depends on the barista). The challenge of coming here in the morning, if you’re on your way to work or an appointment, is that counter staff like to make small talk, delaying the servicing of a queue. We just want a little hello, your lovely food, and get to our next destination.",4/06/2026,1780529712,a week ago,https://www.google.com/maps/contrib/107626726466062960795/reviews,2026-06-11T16:00:44.335003,Negative,0.092
ChIJyT_pbABD1moRDAP0Mbql6QI,Hector's Deli,"61 Little Collins St, Melbourne VIC 3000, Australia",4.5,563,Rinny Hafid,5,"Hector’s Deli was on my must-visit list during my trip to Melbourne, and it turned out to be a great lunch choice.

I ordered the Tuna Melt Toastie, and I absolutely loved it. The café was packed throughout breakfast and lunch hours, which says a lot about its popularity. The open kitchen adds to the atmosphere and makes the whole experience even more appealing.

I also really enjoyed their music playlist—it perfectly matched the vibe of the place.

Definitely worth a visit when you’re in Melbourne. Thanks!",3/06/2026,1780458180,in the last week,https://www.google.com/maps/contrib/112289565285305850576/reviews,2026-06-03T16:00:26.637054,Positive,0.475
ChIJyT_pbABD1moRDAP0Mbql6QI,Hector's Deli,"61 Little Collins St, Melbourne VIC 3000, Australia",4.5,562,Raniya Ahmed,5,,2/06/2026,1780395176,in the last week,https://www.google.com/maps/contrib/116568956183782973198/reviews,2026-06-03T08:01:39.999998,Positive,0.0
ChIJZ_N3WQBD1moRAv4QI3QbxL8,Hector's Deli,"323 Lygon St, Carlton VIC 3053, Australia",4.6,19,Tim A,3,"Was very keen to try considering the hype from the other locations, but the 2 sandwiches I've tried were pretty average, there are better options available in Carlton. The spritzes and baked goods are nice though",2/06/2026,1780391902,in the last week,https://www.google.com/maps/contrib/117083603595124036613/reviews,2026-06-02T20:00:28.405094,Positive,0.239
ChIJ02xRi2JD1moRJQh-pBNsBeI,Hector's Deli,"111 Moor St, Fitzroy VIC 3065, Australia",4.5,727,Karl Weightman,3,,2/06/2026,1780377488,in the last week,https://www.google.com/maps/contrib/117709999784507496468/reviews,2026-06-02T16:00:15.610418,Neutral,0.0
ChIJtVdgmvhC1moROxwhKPwolNQ,Hector's Deli,"1/94 Buckingham St, Richmond VIC 3121, Australia",4.6,1383,Jasmine Chanter,1,Attempted to order a sandwich with cold cuts and asked kindly if it could be grilled as this would make it pregnancy safe. The employee condescendingly stated that cold cuts didn’t need to be cooked as they were cured. I explained that I am pregnant and this would make it safe for me. He refused to agree to grill the sandwich. Pregnant women matter too! Have a heart! If you were pregnant and had a craving you would appreciate if someone took the 2 minutes to put it in the sandwich press for you! Preg and sad 😭,1/06/2026,1780320537,in the last week,https://www.google.com/maps/contrib/107562037150876502514/reviews,2026-06-02T12:00:39.671845,Negative,0.13
ChIJ5SiiPaVD1moReQEViHlGa-g,Hector's Deli,"33 Stewart St, Richmond VIC 3121, Australia",4.3,197,Foodie Coffie,5,,1/06/2026,1780302610,in the last week,https://www.google.com/maps/contrib/115826856685568056429/reviews,2026-06-01T20:00:23.058355,Positive,0.0
ChIJyT_pbABD1moRDAP0Mbql6QI,Hector's Deli,"61 Little Collins St, Melbourne VIC 3000, Australia",4.5,561,JJ F,3,"Hector’s Deli can get hectic! The lines go out to the streets during the day so either get in early or closer to closing time (though they run out of a lot of their pastries by then). The store is also quite small and it gets pretty cramped inside during peak hours. Not a lot seating. Order and eat elsewhere is my recommendation.

We went twice: first time we got the beef pastrami and the second time we went early so we didn’t feel under pressure to order and were able to take our time a little.

The staff were all super friendly and helpful, explaining to us where the pastries were delivered from, etc (this was on the day we went early in the morning).

We tried their maple glazed donut and cinnamon roll, the egg muffin and the mushroom toastie on the second round. The bread was toasted nicely, fillings were rather generous but in my personal opinion, wasn’t really worth the hype. The muffin tasted like a fancier egg McMuffin. The mushroom melt was ok, too. The crunch in the toast was probably the most satisfying. Flavour-wise was actually a little bland.

Cinnamon roll was pretty sweet, good but not the best I’ve had. The favourite was the donut, it was very light, fluffy and pillowy. But I wouldn’t stand in line for more than 5 minutes for it.

Will I go back? Depends on how busy they are and how I’m feeling.",1/06/2026,1780290213,in the last week,https://www.google.com/maps/contrib/107184489508777117509/reviews,2026-06-01T16:00:27.268969,Positive,0.221
ChIJ02xRi2JD1moRJQh-pBNsBeI,Hector's Deli,"111 Moor St, Fitzroy VIC 3065, Australia",4.5,726,Robert Curry,5,"Went here after reading and seeing the hype online. The doughnuts are sooo good!!

Fresh and fluffy.

Definitely going again!!",1/06/2026,1780289218,in the last week,https://www.google.com/maps/contrib/112564904370148615869/reviews,2026-06-01T16:00:23.365974,Positive,0.275
ChIJ5SiiPaVD1moReQEViHlGa-g,Hector's Deli,"33 Stewart St, Richmond VIC 3121, Australia",4.3,196,Lorena Kok,4,"I had the beef & pickles toasty. I missed the cheese which was recommended by the cashier lady to add for an extra price. I didn’t like that. Gave me a McDonald’s feel.
There was quite a lot of sauerkraut on it which I didn’t expect. I thought it would be pickles. Anyway - the toasty was alright. Not the best one of my life but worth it!
The vanilla custard dessert pastry was really not good. Tasted fast foody again. I would recommend other French bakeries in Melbourne for pastry.
All in all clean hip atmosphere but I thought it’s more fast food chain vibes than Deli.",1/06/2026,1780280705,in the last week,https://www.google.com/maps/contrib/102775642763907178912/reviews,2026-06-01T16:00:29.004643,Positive,0.217
ChIJ02xRi2JD1moRJQh-pBNsBeI,Hector's Deli,"111 Moor St, Fitzroy VIC 3065, Australia",4.5,725,Zoë,3,Its fine but i wouldn't be lining up for ir,1/06/2026,1780265880,in the last week,https://www.google.com/maps/contrib/107931561260828304367/reviews,2026-06-01T12:00:58.039158,Positive,0.417
ChIJyT_pbABD1moRDAP0Mbql6QI,Hector's Deli,"61 Little Collins St, Melbourne VIC 3000, Australia",4.5,560,Stevi,5,Best doughnut I’ve ever had!,31/05/2026,1780230443,in the last week,https://www.google.com/maps/contrib/106894756098538355573/reviews,2026-06-01T12:01:12.066914,Positive,1.0
ChIJ02xRi2JD1moRJQh-pBNsBeI,Hector's Deli,"111 Moor St, Fitzroy VIC 3065, Australia",4.5,724,Amy Garden,4,"A great sandwich spot, extremely busy and be prepared for a wait and better to get takeaway as limited seating. $17 for a sandwich seems pretty steep but they are generous sizes.",31/05/2026,1780207223,in the last week,https://www.google.com/maps/contrib/110655094414019001472/reviews,2026-05-31T20:00:26.715013,Positive,0.316
ChIJZ_N3WQBD1moRAv4QI3QbxL8,Hector's Deli,"323 Lygon St, Carlton VIC 3053, Australia",4.7,18,Clara Ines Torres Gonzalez,5,Sooo yummy. You must go😍,31/05/2026,1780202708,in the last week,https://www.google.com/maps/contrib/101994425453999881138/reviews,2026-05-31T20:00:35.218194,Positive,0.0
ChIJ02xRi2JD1moRJQh-pBNsBeI,Hector's Deli,"111 Moor St, Fitzroy VIC 3065, Australia",4.5,724,Brijesh M,4,,31/05/2026,1780200114,in the last week,https://www.google.com/maps/contrib/113907988346328327067/reviews,2026-05-31T16:00:37.292555,Positive,0.0
ChIJyT_pbABD1moRDAP0Mbql6QI,Hector's Deli,"61 Little Collins St, Melbourne VIC 3000, Australia",4.5,559,Lim Reaksa,5,I recently try this place out. It was super busy! And the food look insane. Definitely a big portion of food compared to the price,31/05/2026,1780192676,in the last week,https://www.google.com/maps/contrib/107152704058249317757/reviews,2026-05-31T12:00:19.720643,Positive,-0.108
ChIJZ_N3WQBD1moRAv4QI3QbxL8,Hector's Deli,"323 Lygon St, Carlton VIC 3053, Australia",4.7,17,Nicola Addlem,5,"Great sandwich, coffee was good. Would go back try the others",31/05/2026,1780158302,in the last week,https://www.google.com/maps/contrib/100898067236870746949/reviews,2026-05-31T08:00:27.470981,Positive,0.5
ChIJZ_N3WQBD1moRAv4QI3QbxL8,Hector's Deli,"323 Lygon St, Carlton VIC 3053, Australia",4.7,17,00EMP00,5,,30/05/2026,1780143120,in the last week,https://www.google.com/maps/contrib/106459268432190585239/reviews,2026-05-31T08:00:27.471399,Positive,0.0
ChIJyT_pbABD1moRDAP0Mbql6QI,Hector's Deli,"61 Little Collins St, Melbourne VIC 3000, Australia",4.5,558,Pauline C,5,"Best sandwhich I've had in a while

I got the chicken salad sandwhich - it was super fresh, delicious and nutritious. Can't wait to come back and try the toasties",30/05/2026,1780119255,in the last week,https://www.google.com/maps/contrib/114758004292368475215/reviews,2026-05-30T16:00:20.940618,Positive,0.339
ChIJZ_N3WQBD1moRAv4QI3QbxL8,Hector's Deli,"323 Lygon St, Carlton VIC 3053, Australia",4.7,15,Gaurav Kaushal,1,Ordered spicy chicken. Too sour.,30/05/2026,1780118629,in the last week,https://www.google.com/maps/contrib/105832365401170349968/reviews,2026-05-30T16:00:23.924425,Negative,-0.375
ChIJ02xRi2JD1moRJQh-pBNsBeI,Hector's Deli,"111 Moor St, Fitzroy VIC 3065, Australia",4.5,722,Lirie Isufi,5,,30/05/2026,1780117429,in the last week,https://www.google.com/maps/contrib/116421612117771895914/reviews,2026-05-30T16:00:18.395004,Positive,0.0
ChIJtVdgmvhC1moROxwhKPwolNQ,Hector's Deli,"1/94 Buckingham St, Richmond VIC 3121, Australia",4.6,1382,Kay Roq,3,Make sure you order AND receive your food BEFORE the staff goes on break.,30/05/2026,1780100656,in the last week,https://www.google.com/maps/contrib/107110667234412110655/reviews,2026-05-30T12:00:19.026486,Positive,0.5
ChIJZ_w0Oupn1moRyYfWpkBnSCA,Hector's Deli,"253 Coventry St, South Melbourne VIC 3205, Australia",4.3,979,Dan Harris,5,"The best sandwiches in Melbourne! You have to try the beef and pickles. Plenty of options for desserts/pastries too, paired with good coffee. What more can you want?!",29/05/2026,1780041200,in the last week,https://www.google.com/maps/contrib/111303827378849312266/reviews,2026-05-29T20:00:16.423299,Positive,0.775
ChIJyT_pbABD1moRDAP0Mbql6QI,Hector's Deli,"61 Little Collins St, Melbourne VIC 3000, Australia",4.5,557,Rachel,5,"As a Vego lover, I came back to get the salad sandwich twice…. Too good…. Best salad sandwich I’ve had? Maybe! Fresh is how I would describe it.. Jam packed full with crunchy sweet juicy veggies - it also has a good tang to it for anyone that loves their acidity because it has the pesto/ chickpea mixture.

Huge line but the wait was quick!",29/05/2026,1780019235,in the last week,https://www.google.com/maps/contrib/106943409689729269135/reviews,2026-05-29T16:00:39.190431,Positive,0.44
ChIJtVdgmvhC1moROxwhKPwolNQ,Hector's Deli,"1/94 Buckingham St, Richmond VIC 3121, Australia",4.6,1381,Justin,5,"Fantastic sandwiches and great coffee too. You know it will be good when you see the crowd waiting for their food. Despite being in the side streets, super popular. Would recommend the HCL",28/05/2026,1779973011,in the last week,https://www.google.com/maps/contrib/118317490606495453841/reviews,2026-05-29T08:00:20.507815,Positive,0.567
ChIJZ_w0Oupn1moRyYfWpkBnSCA,Hector's Deli,"253 Coventry St, South Melbourne VIC 3205, Australia",4.3,978,Hao Yang,5,"Had an egg and cheese muffin this morning and it was absoultely delicious!

The muffin was nicely toasted with a bit of crunch, soft steamed egg, cheese and their famous Hectic sauce which is a lightly spicy mayo with fresh herbs, absoultely delicious.

Coffee is a house roasted blend, had a cappucino, the temperature and aroma were spot on.

Gotta try their donuts and pastries next time, I've heard they are some of the best in Melbourne!

Service was very friendly, their supervisors and team all serving with a smile. This spot is so busy for a reason, expect some wait at peak times but worth it!",28/05/2026,1779964219,in the last week,https://www.google.com/maps/contrib/116105472270175408603/reviews,2026-05-29T08:00:19.224788,Positive,0.474
ChIJZ_w0Oupn1moRyYfWpkBnSCA,Hector's Deli,"253 Coventry St, South Melbourne VIC 3205, Australia",4.3,977,Connor Hamilton,3,Was okay. A little overrated IMO,28/05/2026,1779949607,in the last week,https://www.google.com/maps/contrib/116650208280102339317/reviews,2026-05-28T20:00:15.471961,Positive,0.156
ChIJ02xRi2JD1moRJQh-pBNsBeI,Hector's Deli,"111 Moor St, Fitzroy VIC 3065, Australia",4.5,721,william maxwell,5,,28/05/2026,1779921649,in the last week,https://www.google.com/maps/contrib/115711859074169038443/reviews,2026-05-28T12:00:42.854794,Positive,0.0
ChIJyT_pbABD1moRDAP0Mbql6QI,Hector's Deli,"61 Little Collins St, Melbourne VIC 3000, Australia",4.5,556,brissyfood,5,,27/05/2026,1779877773,in the last week,https://www.google.com/maps/contrib/100276114563937918128/reviews,2026-05-28T12:00:50.136792,Positive,0.0
ChIJZ_N3WQBD1moRAv4QI3QbxL8,Hector's Deli,"323 Lygon St, Carlton VIC 3053, Australia",4.9,14,Adrian Iaria,5,,27/05/2026,1779848077,in the last week,https://www.google.com/maps/contrib/101792536573546014478/reviews,2026-05-27T16:00:53.115190,Positive,0.0
ChIJtVdgmvhC1moROxwhKPwolNQ,Hector's Deli,"1/94 Buckingham St, Richmond VIC 3121, Australia",4.6,1380,Tina Huynh,5,"Hector’s Deli in Richmond is so good and worth the hype! We tried the mushroom melt and the beef and pickles toasties and both were insanely delicious. The mushroom melt was super creamy and comforting, and the beef and pickles had the perfect balance of savoury and tangy.

Matcha was also surprising great🤍 perfectly smooth, great matcha taste, not too milky and not overly sweet. Well done Hector’s Deli team🤍 Short wait time at 2pm and only thing that can be improved is the outdoor seating area. Honestly 9/10, definitely worth visiting if you are living in or visiting Melbourne🥪",26/05/2026,1779801244,in the last week,https://www.google.com/maps/contrib/105891143841610417032/reviews,2026-05-27T08:00:44.128493,Positive,0.504
ChIJtVdgmvhC1moROxwhKPwolNQ,Hector's Deli,"1/94 Buckingham St, Richmond VIC 3121, Australia",4.6,1382,Tina,5,"Hector’s Deli in Richmond is so good and worth the hype! We tried the mushroom melt and the beef and pickles toasties and both were insanely delicious. The mushroom melt was super creamy and comforting, and the beef and pickles had the perfect balance of savoury and tangy.

Matcha was also surprising great🤍 perfectly smooth, great matcha taste, not too milky and not overly sweet. Well done Hector’s Deli team🤍 Short wait time at 2pm and only thing that can be improved is the outdoor seating area. Honestly 9/10, definitely worth visiting if you are living in or visiting Melbourne🥪",26/05/2026,1779801244,in the last week,https://www.google.com/maps/contrib/105891143841610417032/reviews,2026-06-01T12:00:53.769154,Positive,0.504
ChIJZ_w0Oupn1moRyYfWpkBnSCA,Hector's Deli,"253 Coventry St, South Melbourne VIC 3205, Australia",4.3,977,Jess SSS,5,The coffee spritz is a revelation. We are not local so I fear that I will be living in the memory of the taste on my tongue until the next time I find myself in Melbourne. Or perhaps Hectors will expand to Sydney?! The prices here are so reasonable. A breath of fresh air for what has become an institution. Good to see they are committed to the quality of their product without jacking up the prices. A must visit for anyone in Melbourne.,26/05/2026,1779772595,in the last week,https://www.google.com/maps/contrib/114152382591729410459/reviews,2026-05-26T16:00:16.008521,Positive,0.24
ChIJZ_w0Oupn1moRyYfWpkBnSCA,Hector's Deli,"253 Coventry St, South Melbourne VIC 3205, Australia",4.3,976,Soph003,5,"Got the chicken salad and the egg and cheese with add ons of bacon and hash brown.
So so good! The chicken salad was so fresh!
Plus service was great, very pleasant and great vibe overall to start the day",26/05/2026,1779760701,in the last week,https://www.google.com/maps/contrib/117076092109842072231/reviews,2026-05-26T12:00:21.075016,Positive,0.325
ChIJyT_pbABD1moRDAP0Mbql6QI,Hector's Deli,"61 Little Collins St, Melbourne VIC 3000, Australia",4.5,555,maobox “大奸貓” mao,4,,26/05/2026,1779758901,in the last week,https://www.google.com/maps/contrib/116554939466512294407/reviews,2026-05-26T12:00:23.611355,Positive,0.0
ChIJZ_N3WQBD1moRAv4QI3QbxL8,Hector's Deli,"323 Lygon St, Carlton VIC 3053, Australia",4.9,13,Ambrose Fox,5,Better then bag,26/05/2026,1779751497,in the last week,https://www.google.com/maps/contrib/108043180441413346997/reviews,2026-05-26T12:00:25.410637,Positive,0.5
ChIJZ_w0Oupn1moRyYfWpkBnSCA,Hector's Deli,"253 Coventry St, South Melbourne VIC 3205, Australia",4.3,976,Eli Cole,5,"This place came very highly recommended and did not disappoint. I got a few of the egg and cheese and boy were they simple but delicious. My partner got a chicken salad sandwich and loved it also.

Just wanted to give a special shoutout to the barista working this morning. Super friendly, greeted everyone as they came in, was super efficient with his coffees even when it got busier. He seems like a legend and a credit to your team. Wish we had one of these in Brisbane haha",26/05/2026,1779749164,in the last week,https://www.google.com/maps/contrib/106467729413605163473/reviews,2026-05-26T12:00:21.077347,Positive,0.246
ChIJtVdgmvhC1moROxwhKPwolNQ,Hector's Deli,"1/94 Buckingham St, Richmond VIC 3121, Australia",4.6,1379,Dee Williams,5,The chicken sandwich was amazing 👍🏻 Ask for chicken thigh and they will fry it fresh for you,25/05/2026,1779710779,in the last week,https://www.google.com/maps/contrib/107148403853280450432/reviews,2026-05-26T12:00:21.737132,Positive,-0.075
ChIJtVdgmvhC1moROxwhKPwolNQ,Hector's Deli,"1/94 Buckingham St, Richmond VIC 3121, Australia",4.6,1383,Ysabelle R,5,The chicken sandwich was amazing 👍🏻 Ask for chicken thigh and they will fry it fresh for you,25/05/2026,1779710779,a week ago,https://www.google.com/maps/contrib/113948513354960477681/reviews,2026-06-02T12:00:39.685817,Positive,-0.075
ChIJZ_w0Oupn1moRyYfWpkBnSCA,Hector's Deli,"253 Coventry St, South Melbourne VIC 3205, Australia",4.3,974,Alex Cheng,4,"Craving for sandwiches? This is one place that will definitely whet your appetite.
The HCT (I was told it stands for Ham, Cheese and Tomatoes) is simply superb. The bread is toasted to perfection with very generous fillings.
Enough for a full meal and blends perfectly with coffee!
But there is limited seating so one has to be patient if planning to eat in.",25/05/2026,1779675977,in the last week,https://www.google.com/maps/contrib/104165267429880111698/reviews,2026-05-25T16:00:23.527060,Positive,0.354
ChIJZ_w0Oupn1moRyYfWpkBnSCA,Hector's Deli,"253 Coventry St, South Melbourne VIC 3205, Australia",4.3,973,FlavourFiend,4,"⭐⭐⭐⭐
Hector’s Deli – South Melbourne’s busy Sandwich deli

Dropped into Hector’s Deli in South Melbourne and tried three of their classics — the tuna melt, sausage & egg muffin, and the pastrami sandwich. All three were excellent. The flavours were bold, balanced, and genuinely delicious.

The tuna melt was rich and comforting, the sausage and egg muffin had that perfect breakfast punch, and the pastrami sandwich was packed with flavour and quality ingredients. You can really taste the care they put into their food.

If you’re anywhere near South Melbourne, this spot is absolutely worth the stop. However, expect long waits, as it is a very popular spot, especially over the weekend. A simple numbering system would be more effective too.

All in all great sandwiches ❤️
Thank you 🙏",24/05/2026,1779613923,in the last week,https://www.google.com/maps/contrib/100620927625117307519/reviews,2026-05-24T20:00:13.797227,Positive,0.44
ChIJZ_N3WQBD1moRAv4QI3QbxL8,Hector's Deli,"323 Lygon St, Carlton VIC 3053, Australia",4.9,12,Henisza Nabiladhiya,5,,24/05/2026,1779602630,in the last week,https://www.google.com/maps/contrib/117867198890641689597/reviews,2026-05-24T20:00:16.029154,Positive,0.0
ChIJyT_pbABD1moRDAP0Mbql6QI,Hector's Deli,"61 Little Collins St, Melbourne VIC 3000, Australia",4.5,554,Chum Balbuena,5,,24/05/2026,1779592942,in the last week,https://www.google.com/maps/contrib/102832504264315903758/reviews,2026-05-24T16:00:16.634606,Positive,0.0
ChIJZ_w0Oupn1moRyYfWpkBnSCA,Hector's Deli,"253 Coventry St, South Melbourne VIC 3205, Australia",4.3,972,Pran Kirupa,5,Went in this morning and ordered a latte and an egg and cheese with sausage. Seemed like only one staff member was in but they did an amazing job getting the orders out whilst maintaining a friendly atmosphere. great way to start my day!,24/05/2026,1779588673,in the last week,https://www.google.com/maps/contrib/113510807027328496684/reviews,2026-05-24T16:00:14.978893,Positive,0.494
ChIJtVdgmvhC1moROxwhKPwolNQ,Hector's Deli,"1/94 Buckingham St, Richmond VIC 3121, Australia",4.6,1378,Alex Strang,5,Easily the best Beef & Pickles sandwich I've ever eaten. Busy spot with traffic nearby but will gladly return for another Beef & Pickles soon.,24/05/2026,1779581354,in the last week,https://www.google.com/maps/contrib/115911682994035784736/reviews,2026-05-24T12:00:15.411644,Positive,0.508
ChIJ02xRi2JD1moRJQh-pBNsBeI,Hector's Deli,"111 Moor St, Fitzroy VIC 3065, Australia",4.5,720,Agustina Levi Hadid,4,Great service and really good food — honestly way better than Nico’s Sandwich just a few blocks away. Everything felt fresher and more enjoyable overall. Definitely a place I’d come back to.,23/05/2026,1779540860,in the last week,https://www.google.com/maps/contrib/109464841345901978143/reviews,2026-05-24T08:00:17.122023,Positive,0.34
ChIJyT_pbABD1moRDAP0Mbql6QI,Hector's Deli,"61 Little Collins St, Melbourne VIC 3000, Australia",4.5,553,Campbell Payne,5,,23/05/2026,1779534460,in the last week,https://www.google.com/maps/contrib/116344003732326433523/reviews,2026-05-24T08:00:18.498401,Positive,0.0
ChIJyT_pbABD1moRDAP0Mbql6QI,Hector's Deli,"61 Little Collins St, Melbourne VIC 3000, Australia",4.5,552,Sara Rodger,5,Hands down the best sandwiches. We go all the time in the office and today I introduced my husband to the deliciousness and he’s hooked too. Rare beef and pastrami and pickles are the faves.,23/05/2026,1779509657,in the last week,https://www.google.com/maps/contrib/116781290603751856436/reviews,2026-05-23T16:00:28.760253,Positive,0.381
ChIJZ_N3WQBD1moRAv4QI3QbxL8,Hector's Deli,"323 Lygon St, Carlton VIC 3053, Australia",4.9,11,Antares Ariel Ciarlo Zosi,5,,23/05/2026,1779507472,in the last week,https://www.google.com/maps/contrib/116302010391778349503/reviews,2026-05-23T16:00:29.869328,Positive,0.0
ChIJ5SiiPaVD1moReQEViHlGa-g,Hector's Deli,"33 Stewart St, Richmond VIC 3121, Australia",4.3,196,Rusula Oshadha Pathirana,5,Food is amazing. I tried 3 melts and they are the best I had.,23/05/2026,1779499320,in the last week,https://www.google.com/maps/contrib/118112673615572351951/reviews,2026-05-23T12:00:33.640714,Positive,0.8
ChIJtVdgmvhC1moROxwhKPwolNQ,Hector's Deli,"1/94 Buckingham St, Richmond VIC 3121, Australia",4.6,1377,Banuka Liyanage,5,,23/05/2026,1779499197,in the last week,https://www.google.com/maps/contrib/115436318237398785222/reviews,2026-05-23T12:00:31.563272,Positive,0.0
ChIJyT_pbABD1moRDAP0Mbql6QI,Hector's Deli,"61 Little Collins St, Melbourne VIC 3000, Australia",4.5,551,Roya Peymodeh,5,,22/05/2026,1779440455,in the last week,https://www.google.com/maps/contrib/108043943091607349491/reviews,2026-05-22T20:00:28.685943,Positive,0.0
ChIJZ_N3WQBD1moRAv4QI3QbxL8,Hector's Deli,"323 Lygon St, Carlton VIC 3053, Australia",4.9,10,Maneesha Paleti,5,,22/05/2026,1779427424,in the last week,https://www.google.com/maps/contrib/113859558588886303190/reviews,2026-05-22T16:00:27.368538,Positive,0.0
ChIJyT_pbABD1moRDAP0Mbql6QI,Hector's Deli,"61 Little Collins St, Melbourne VIC 3000, Australia",4.5,550,Jay Johnson,5,Great deli sandwich 🤤,22/05/2026,1779422995,in the last week,https://www.google.com/maps/contrib/116767875945627186700/reviews,2026-05-22T16:00:26.337558,Positive,0.8
ChIJZ_N3WQBD1moRAv4QI3QbxL8,Hector's Deli,"323 Lygon St, Carlton VIC 3053, Australia",4.9,10,finn,4,#yum spicy chicken,22/05/2026,1779416713,in the last week,https://www.google.com/maps/contrib/109145915753698171293/reviews,2026-05-22T16:00:27.369170,Positive,-0.6
ChIJyT_pbABD1moRDAP0Mbql6QI,Hector's Deli,"61 Little Collins St, Melbourne VIC 3000, Australia",4.5,549,Beau Hourigan-Johnston,5,You haven't lived until you've had Hector's fried chicken sandwich with tarragon butter. *Chef's kiss*,22/05/2026,1779406729,in the last week,https://www.google.com/maps/contrib/116846383895315893969/reviews,2026-05-22T12:00:29.858631,Positive,-0.6
ChIJZ_w0Oupn1moRyYfWpkBnSCA,Hector's Deli,"253 Coventry St, South Melbourne VIC 3205, Australia",4.3,970,Y Leung,5,,22/05/2026,1779381439,in the last week,https://www.google.com/maps/contrib/112383793279631511181/reviews,2026-05-22T08:00:12.681000,Positive,0.0
ChIJZ_N3WQBD1moRAv4QI3QbxL8,Hector's Deli,"323 Lygon St, Carlton VIC 3053, Australia",5.0,8,Amber Wayde,5,,21/05/2026,1779338762,in the last week,https://www.google.com/maps/contrib/115354945804106668879/reviews,2026-05-21T16:00:28.747333,Positive,0.0
ChIJ02xRi2JD1moRJQh-pBNsBeI,Hector's Deli,"111 Moor St, Fitzroy VIC 3065, Australia",4.5,719,Nate Kalaf,3,Great bread. Only half filled on meat so it was all sauce and topping flavor for many of the bites. Didn’t feel worth the price.,21/05/2026,1779325761,in the last week,https://www.google.com/maps/contrib/117024286633715772391/reviews,2026-05-21T12:00:42.692554,Positive,0.306
ChIJZ_w0Oupn1moRyYfWpkBnSCA,Hector's Deli,"253 Coventry St, South Melbourne VIC 3205, Australia",4.3,969,Dassa,5,,21/05/2026,1779319990,in the last week,https://www.google.com/maps/contrib/103868941431363861175/reviews,2026-05-21T12:00:41.553510,Positive,0.0
ChIJZ_N3WQBD1moRAv4QI3QbxL8,Hector's Deli,"323 Lygon St, Carlton VIC 3053, Australia",5.0,7,Richard JM Ramsey,5,I can’t stand how good the food and service and atmosphere are. THANKS!!!,21/05/2026,1779317811,in the last week,https://www.google.com/maps/contrib/100761365493121621462/reviews,2026-05-21T12:00:45.694523,Positive,0.545
ChIJyT_pbABD1moRDAP0Mbql6QI,Hector's Deli,"61 Little Collins St, Melbourne VIC 3000, Australia",4.5,548,Leanne T,4,"Busy and super popular.  Food was ok, probably disappointed because the beef sandwich was not a proper Reuben ( they didn't advertise or add that though)",20/05/2026,1779272892,in the last week,https://www.google.com/maps/contrib/117242245820653681985/reviews,2026-05-21T12:00:43.889370,Positive,0.131
ChIJtVdgmvhC1moROxwhKPwolNQ,Hector's Deli,"1/94 Buckingham St, Richmond VIC 3121, Australia",4.6,1376,rachel tapuai,4,"Ordered 2 coffees which were ok but maybe on the weak side. 3 sandwiches: toasted mushroom 4.8/5 spicy chicken 4.5/5 Ruben 4.8/5
All sandwiches were well made, good cheese to filling ratio, great flavour s and the mushrooms chicken and beef was so well made, tasty, light and not dry, melt in your mouth beef 👌🏽 staff were great and service was good considering the steady flow of  customers. Would go again but definitely lives up to the hype. The prices were also very reasonable also. The chocolate chip cookie was also very nice Over all 9/10",20/05/2026,1779252722,in the last week,https://www.google.com/maps/contrib/110223186135451622025/reviews,2026-05-20T16:00:18.094617,Positive,0.255
ChIJyT_pbABD1moRDAP0Mbql6QI,Hector's Deli,"61 Little Collins St, Melbourne VIC 3000, Australia",4.5,547,Susan khadgi,5,"Lives up to the hype, amazing beef toasties",20/05/2026,1779247439,in the last week,https://www.google.com/maps/contrib/117337443945056439918/reviews,2026-05-20T16:00:19.118510,Positive,0.6
ChIJZ_w0Oupn1moRyYfWpkBnSCA,Hector's Deli,"253 Coventry St, South Melbourne VIC 3205, Australia",4.3,968,adrian lim,2,"Beef and pickles sandwich was a winner, but I didn’t appreciate being asked if I wanted sauce and cheese without being told they’d cost an extra $2 each — not great practice. The tuna melt was just average",19/05/2026,1779195726,in the last week,https://www.google.com/maps/contrib/105844740078380948878/reviews,2026-05-20T07:30:49.323603,Negative,-0.183
ChIJtVdgmvhC1moROxwhKPwolNQ,Hector's Deli,"1/94 Buckingham St, Richmond VIC 3121, Australia",4.6,1375,Aseila Fernando,4,,19/05/2026,1779182654,in the last week,https://www.google.com/maps/contrib/112716102050021388326/reviews,2026-05-20T07:30:49.613308,Positive,0.0
ChIJZ_w0Oupn1moRyYfWpkBnSCA,Hector's Deli,"253 Coventry St, South Melbourne VIC 3205, Australia",4.3,968,Sue Wang,4,,19/05/2026,1779172608,in the last week,https://www.google.com/maps/contrib/104238738207662467497/reviews,2026-05-20T07:30:49.324128,Positive,0.0
ChIJZ_w0Oupn1moRyYfWpkBnSCA,Hector's Deli,"253 Coventry St, South Melbourne VIC 3205, Australia",4.3,967,Marcus Eik,5,,19/05/2026,1779163885,in the last week,https://www.google.com/maps/contrib/116930387689692616760/reviews,2026-05-19T16:00:33.562173,Positive,0.0
ChIJtVdgmvhC1moROxwhKPwolNQ,Hector's Deli,"1/94 Buckingham St, Richmond VIC 3121, Australia",4.6,1374,Yuri Mathews - MEO Marketing,5,,19/05/2026,1779159930,in the last week,https://www.google.com/maps/contrib/109460027512778700871/reviews,2026-05-19T16:00:34.012291,Positive,0.0
ChIJZ_w0Oupn1moRyYfWpkBnSCA,Hector's Deli,"253 Coventry St, South Melbourne VIC 3205, Australia",4.3,966,Kruthika Nagaraj,5,Great place! Love the food!,18/05/2026,1779075056,in the last week,https://www.google.com/maps/contrib/109783991421002121268/reviews,2026-05-18T16:00:21.905366,Positive,0.812
ChIJ02xRi2JD1moRJQh-pBNsBeI,Hector's Deli,"111 Moor St, Fitzroy VIC 3065, Australia",4.5,718,Haneul,4,,17/05/2026,1779021539,in the last week,https://www.google.com/maps/contrib/110987753756014677915/reviews,2026-05-18T08:05:58.186631,Positive,0.0
ChIJyT_pbABD1moRDAP0Mbql6QI,Hector's Deli,"61 Little Collins St, Melbourne VIC 3000, Australia",4.5,546,Louise Arnold,5,Amazing mushroom melt and cinammon roll packed with icing cream.,17/05/2026,1779013282,in the last week,https://www.google.com/maps/contrib/110413323239713626660/reviews,2026-05-18T08:05:58.793753,Positive,0.6
ChIJyT_pbABD1moRDAP0Mbql6QI,Hector's Deli,"61 Little Collins St, Melbourne VIC 3000, Australia",4.5,547,Louise A- Hospitality Insider,5,Amazing mushroom melt and cinammon roll packed with icing cream.,17/05/2026,1779013282,in the last week,https://www.google.com/maps/contrib/110413323239713626660/reviews,2026-05-20T20:00:17.076312,Positive,0.6
ChIJZ_w0Oupn1moRyYfWpkBnSCA,Hector's Deli,"253 Coventry St, South Melbourne VIC 3205, Australia",4.3,965,Steven Tran,5,,17/05/2026,1779008913,in the last week,https://www.google.com/maps/contrib/109997782544752797954/reviews,2026-05-18T08:05:57.452808,Positive,0.0
ChIJ02xRi2JD1moRJQh-pBNsBeI,Hector's Deli,"111 Moor St, Fitzroy VIC 3065, Australia",4.5,718,Gigi,1,We come to hectors deli often and the salad sandwich is always impeccable but today the lettuce was old and soggy and ruined the taste of the rest of the sandwich really disappointing,17/05/2026,1779004369,in the last week,https://www.google.com/maps/contrib/113233268547165621595/reviews,2026-05-18T08:05:58.187324,Negative,0.083
ChIJyT_pbABD1moRDAP0Mbql6QI,Hector's Deli,"61 Little Collins St, Melbourne VIC 3000, Australia",4.5,546,Ryan H,5,"As you'd expect from any Hector's Deli stores, this branch delivers delishy sandwiches! It gets really busy during peak times so you might have to wait for 10-15min.",17/05/2026,1778984920,in the last week,https://www.google.com/maps/contrib/101794956630440834623/reviews,2026-05-18T08:05:58.794307,Positive,0.1
ChIJyT_pbABD1moRDAP0Mbql6QI,Hector's Deli,"61 Little Collins St, Melbourne VIC 3000, Australia",4.5,546,soumya gupta,5,"The fried chicken sandwich was amazing, basic but delicious. I would recommend to order before you go if it is during lunch rush. We had to wait for 30 mins to get our sandwiches.",17/05/2026,1778983387,in the last week,https://www.google.com/maps/contrib/113503185956291784724/reviews,2026-05-18T08:05:58.794909,Positive,0.25
ChIJyT_pbABD1moRDAP0Mbql6QI,Hector's Deli,"61 Little Collins St, Melbourne VIC 3000, Australia",4.5,546,Mal Pele,4,,17/05/2026,1778981104,in the last week,https://www.google.com/maps/contrib/117925236443894936122/reviews,2026-05-18T08:05:58.795362,Positive,0.0
ChIJZ_w0Oupn1moRyYfWpkBnSCA,Hector's Deli,"253 Coventry St, South Melbourne VIC 3205, Australia",4.3,965,Andrew,4,"Nice spot with good sandwiches but often a queue and probably not worth the wait :))

Been here twice and got the:
- beef and pickles 7/10, a solid sandwich, but doesn’t quite have the tang and mix of flavour of an exceptional Reuben. Got it with cheese & the hectic sauce
- Sausage & egg muffin 7/10, pretty soli, but basically just a marginally better McMuffin
- iced matcha 7.5/10, pretty good, didn’t taste authentic but good ratio of sweetness so would get again

Decent size for the price, would probably need the sandwich and chips to be full - would come again!",17/05/2026,1778972767,in the last week,https://www.google.com/maps/contrib/116743769637381680920/reviews,2026-05-18T08:05:57.504089,Positive,0.416
ChIJ02xRi2JD1moRJQh-pBNsBeI,Hector's Deli,"111 Moor St, Fitzroy VIC 3065, Australia",4.5,718,Praneeth Rao,5,"Absolutely delicious. Easily one of the best toasties in Melbourne — crispy, cheesy, packed with flavour, and super filling. The ingredients tasted really fresh and the portions were generous too. Only downside is that it can get quite busy during peak times, so expect a bit of a queue. But honestly, it’s worth the wait.",16/05/2026,1778916738,in the last week,https://www.google.com/maps/contrib/115816627512027006062/reviews,2026-05-18T08:05:58.188262,Positive,0.33
ChIJyT_pbABD1moRDAP0Mbql6QI,Hector's Deli,"61 Little Collins St, Melbourne VIC 3000, Australia",4.5,546,Kate Murray,5,Top 3 best sambos I’ve ever had.,16/05/2026,1778908776,in the last week,https://www.google.com/maps/contrib/104706388725789717076/reviews,2026-05-18T08:05:58.795892,Positive,0.75
ChIJZ_w0Oupn1moRyYfWpkBnSCA,Hector's Deli,"253 Coventry St, South Melbourne VIC 3205, Australia",4.3,965,Benedict,5,"Hector’s easily makes some of the best sandwiches around. The pastrami with their special sauce and cheese is probably the best I’ve had. The sandwiches are indulgent but still really well balanced, with the sauerkraut never overpowering everything else and all the flavours fitting together perfectly. Even the fried chicken sandwich was surprisingly good, especially since I’m not usually a fan of chicken sandwiches. The Caesar salad was excellent too.

After trying many other sandwich spots, Hector’s is the one I always come back to.",16/05/2026,1778899687,in the last week,https://www.google.com/maps/contrib/108535604654568383459/reviews,2026-05-18T08:05:57.506072,Positive,0.343
ChIJZ_w0Oupn1moRyYfWpkBnSCA,Hector's Deli,"253 Coventry St, South Melbourne VIC 3205, Australia",4.3,965,Valory Le,5,,16/05/2026,1778884541,in the last week,https://www.google.com/maps/contrib/112658732397709816827/reviews,2026-05-18T08:05:57.507029,Positive,0.0
ChIJ02xRi2JD1moRJQh-pBNsBeI,Hector's Deli,"111 Moor St, Fitzroy VIC 3065, Australia",4.5,718,Annika Jameson,5,"super fast, super yum would go back again!",15/05/2026,1778818392,in the last week,https://www.google.com/maps/contrib/115571870317648408684/reviews,2026-05-18T08:05:58.188781,Positive,0.217
ChIJZ_w0Oupn1moRyYfWpkBnSCA,Hector's Deli,"253 Coventry St, South Melbourne VIC 3205, Australia",4.3,965,Maple Sohrab,1,They don’t accept cash only card lol,15/05/2026,1778817942,in the last week,https://www.google.com/maps/contrib/105348149939076339982/reviews,2026-05-18T08:05:57.507676,Negative,0.4
ChIJZ_N3WQBD1moRAv4QI3QbxL8,Hector's Deli,"323 Lygon St, Carlton VIC 3053, Australia",5.0,6,Rebecca Chui,5,"Beautifully designed space. Both food and service were immaculate. Wish I took some pictures before I devoured my meal but I couldn’t wait. Always a good time at Hector’s deli, and loving this new location!",14/05/2026,1778732319,in the last week,https://www.google.com/maps/contrib/107843617442849284836/reviews,2026-05-18T08:06:01.397419,Positive,0.58
ChIJZ_w0Oupn1moRyYfWpkBnSCA,Hector's Deli,"253 Coventry St, South Melbourne VIC 3205, Australia",4.3,959,Caroline Zomerdijk,5,Amazing food and we had a great time talking with Coby at the bar. He was so friendly and made it a wonderful experience.,13/05/2026,1778644201,in the last week,https://www.google.com/maps/contrib/112012948230190505229/reviews,2026-05-13T16:00:16.730522,Positive,0.694
ChIJyT_pbABD1moRDAP0Mbql6QI,Hector's Deli,"61 Little Collins St, Melbourne VIC 3000, Australia",4.5,541,Breaddy,5,yummy toastie,12/05/2026,1778555889,in the last week,https://www.google.com/maps/contrib/100437258048173369175/reviews,2026-05-12T16:00:15.904459,Positive,0.0
ChIJyT_pbABD1moRDAP0Mbql6QI,Hector's Deli,"61 Little Collins St, Melbourne VIC 3000, Australia",4.5,540,Lorena Ruiz,5,"I come to this location to get the breakfast egg and cheese muffin.

Highly recommend add cheese 🤭 to make it yummier!

Love hectors sandwiches and this lil location is a must if you’re staying in the cbd and visiting.

Can get quite busy for lunch time!",12/05/2026,1778540044,in the last week,https://www.google.com/maps/contrib/103335863579580532888/reviews,2026-05-12T12:00:08.426693,Positive,0.275
ChIJtVdgmvhC1moROxwhKPwolNQ,Hector's Deli,"1/94 Buckingham St, Richmond VIC 3121, Australia",4.6,1373,Milika,5,My favorite is the toasted beef and pickles. Delicious and always need to get a donut after so yummy!!!,11/05/2026,1778486276,in the last week,https://www.google.com/maps/contrib/113382500221452489497/reviews,2026-05-11T20:00:16.848654,Positive,0.75
ChIJyT_pbABD1moRDAP0Mbql6QI,Hector's Deli,"61 Little Collins St, Melbourne VIC 3000, Australia",4.5,539,Millie Warwick,5,This sandwich was delicious!! It is definitely worth the hype and was probably the most recommend deli in Melbourne. The spicy salami was delicious but I’d be eager to see what the chicken salad is all about. I can say the spicy salami didn’t pair perfectly with a slight hangover but that’s certainly user error.,11/05/2026,1778484400,in the last week,https://www.google.com/maps/contrib/104855090524875201130/reviews,2026-05-11T20:00:18.105999,Positive,0.406
ChIJ5SiiPaVD1moReQEViHlGa-g,Hector's Deli,"33 Stewart St, Richmond VIC 3121, Australia",4.3,195,David Howard,1,Horrible mess of a sandwich. Got the hot chicken sandwich - bun was completely soaked through with various sauces and grease. Could barely pick it up without it falling apart. Completely inedible had one bite and straight to the bin. Won’t be back,11/05/2026,1778481091,in the last week,https://www.google.com/maps/contrib/101963785336888970970/reviews,2026-05-11T20:00:18.541433,Negative,-0.107
ChIJyT_pbABD1moRDAP0Mbql6QI,Hector's Deli,"61 Little Collins St, Melbourne VIC 3000, Australia",4.5,538,Coby Freeman,5,"Wowsers…..delicious!

We both had the fried chicken (thigh) option and it was incredible.

We did expect it to look different (I think the fresh sandwiches is what the expectation is).

So at first it was a little disappointing, then we tasted it and ALL concerns were lost.

Certainly recommend, and we will be back!",11/05/2026,1778478271,in the last week,https://www.google.com/maps/contrib/105449016674568147078/reviews,2026-05-11T16:00:17.339562,Positive,0.031
ChIJ5SiiPaVD1moReQEViHlGa-g,Hector's Deli,"33 Stewart St, Richmond VIC 3121, Australia",4.3,195,David Howard,1,Horrible disgusting mess of a sandwich. Got the hot chicken sandwich - bun was completely soaked through with various sauces and grease. Could barely pick it up without it falling apart. Completely inedible had one bite and straight to the bin. Extremely disappointing considering you are meant to be know for your sandwiches,11/05/2026,1778475828,in the last week,https://www.google.com/maps/contrib/101963785336888970970/reviews,2026-05-11T16:00:17.682929,Negative,-0.243
ChIJ02xRi2JD1moRJQh-pBNsBeI,Hector's Deli,"111 Moor St, Fitzroy VIC 3065, Australia",4.5,714,ketsiree sa-adpothong,5,,11/05/2026,1778448956,in the last week,https://www.google.com/maps/contrib/112070198212506130351/reviews,2026-05-11T08:00:17.865284,Positive,0.0
ChIJ02xRi2JD1moRJQh-pBNsBeI,Hector's Deli,"111 Moor St, Fitzroy VIC 3065, Australia",4.5,713,TJ Wiegs,5,,10/05/2026,1778386840,in the last week,https://www.google.com/maps/contrib/106358322280136041674/reviews,2026-05-10T16:00:15.707128,Positive,0.0
ChIJZ_w0Oupn1moRyYfWpkBnSCA,Hector's Deli,"253 Coventry St, South Melbourne VIC 3205, Australia",4.3,959,Matti Fallon,5,Pure legendary contribution to hospitality. So solid. So consistent.,10/05/2026,1778382184,in the last week,https://www.google.com/maps/contrib/116741747884472100217/reviews,2026-05-10T16:00:15.016089,Positive,0.366
ChIJyT_pbABD1moRDAP0Mbql6QI,Hector's Deli,"61 Little Collins St, Melbourne VIC 3000, Australia",4.5,537,Sean,5,"What a amazing place
The food the service
The atmosphere,
Just get in and eat there food
If I could rate it ten stars I would",10/05/2026,1778378643,in the last week,https://www.google.com/maps/contrib/113839616590003381423/reviews,2026-05-10T16:00:16.318433,Positive,0.3
ChIJZ_w0Oupn1moRyYfWpkBnSCA,Hector's Deli,"253 Coventry St, South Melbourne VIC 3205, Australia",4.3,958,charlie chang,1,Yummy sandwich but questionable hygiene,9/05/2026,1778297123,in the last week,https://www.google.com/maps/contrib/110148559784425033823/reviews,2026-05-09T16:00:14.605214,Negative,-0.5
ChIJ02xRi2JD1moRJQh-pBNsBeI,Hector's Deli,"111 Moor St, Fitzroy VIC 3065, Australia",4.5,713,Hugh Kilgannon,5,"Such a tasty sandwich, everything in the sandwich is thought out and combines for an explosion of flavour in your mouth",9/05/2026,1778294318,in the last week,https://www.google.com/maps/contrib/106100967013284563548/reviews,2026-05-09T16:00:15.289795,Positive,0.0
ChIJZ_w0Oupn1moRyYfWpkBnSCA,Hector's Deli,"253 Coventry St, South Melbourne VIC 3205, Australia",4.3,957,Valory Le,1,We ordered 2 sw and they only gave us one. Very disappointed,9/05/2026,1778286439,in the last week,https://www.google.com/maps/contrib/112658732397709816827/reviews,2026-05-09T12:00:15.963763,Negative,-0.488
ChIJ5SiiPaVD1moReQEViHlGa-g,Hector's Deli,"33 Stewart St, Richmond VIC 3121, Australia",4.3,194,Kieran Slevin,5,"One of the best in Melbourne. Would def recommend to anyone wanting a Bangin' Fresh Sandwich or Awesome Toasty Options also Bakery sells out very quick but get your hands on some Amazing Donuts and Scrolls,Apple Turnovers etc. 🔥💞",9/05/2026,1778281725,in the last week,https://www.google.com/maps/contrib/115537026796672893673/reviews,2026-05-09T12:00:17.938956,Positive,0.667
ChIJZ_w0Oupn1moRyYfWpkBnSCA,Hector's Deli,"253 Coventry St, South Melbourne VIC 3205, Australia",4.3,956,Arthur komar,5,,7/05/2026,1778119090,in the last week,https://www.google.com/maps/contrib/109518638348615246989/reviews,2026-05-07T12:00:17.519699,Positive,0.0
ChIJyT_pbABD1moRDAP0Mbql6QI,Hector's Deli,"61 Little Collins St, Melbourne VIC 3000, Australia",4.5,536,Angie Tang,5,"Amazing sandwiches at Hector’s Deli! Fresh ingredients, packed with flavor, and absolutely worth a try. Can’t wait to go back!",6/05/2026,1778055411,in the last week,https://www.google.com/maps/contrib/105651223770564832337/reviews,2026-05-06T20:00:16.317235,Positive,0.338
ChIJZ_w0Oupn1moRyYfWpkBnSCA,Hector's Deli,"253 Coventry St, South Melbourne VIC 3205, Australia",4.3,955,Kristy Pitchford,1,"Hopefully uncooked chicken is an uncommon occurrence for them but either way, I won’t be returning. Was too far away to take it back to alert staff. Fingers crossed no one else today suffers the dreaded food poisoning!",6/05/2026,1778038849,in the last week,https://www.google.com/maps/contrib/104480471862291995515/reviews,2026-05-06T16:00:15.013171,Negative,-0.092
ChIJyT_pbABD1moRDAP0Mbql6QI,Hector's Deli,"61 Little Collins St, Melbourne VIC 3000, Australia",4.5,535,Nabil Nadian,5,Best Deli.!!!,6/05/2026,1777993491,in the last week,https://www.google.com/maps/contrib/115906328847400139534/reviews,2026-05-06T08:00:20.449456,Positive,1.0
ChIJZ_w0Oupn1moRyYfWpkBnSCA,Hector's Deli,"253 Coventry St, South Melbourne VIC 3205, Australia",4.4,954,Larry Greaney,5,Loved their sandwiches it is a long wait but it was worth it in the end,5/05/2026,1777960004,in the last week,https://www.google.com/maps/contrib/116842700460091416216/reviews,2026-05-05T16:00:18.016834,Positive,0.317
ChIJtVdgmvhC1moROxwhKPwolNQ,Hector's Deli,"1/94 Buckingham St, Richmond VIC 3121, Australia",4.6,1374,Shaun Chaudhry,5,,5/05/2026,1777956183,in the last week,https://www.google.com/maps/contrib/108505211389532965273/reviews,2026-05-05T16:00:18.357770,Positive,0.0
ChIJ5SiiPaVD1moReQEViHlGa-g,Hector's Deli,"33 Stewart St, Richmond VIC 3121, Australia",4.3,194,Chelsea,4,The food was so fresh and delicious! Love the interiors. New York deli vibes.,5/05/2026,1777952709,in the last week,https://www.google.com/maps/contrib/115614957853615638506/reviews,2026-05-05T16:00:19.668408,Positive,0.484
ChIJtVdgmvhC1moROxwhKPwolNQ,Hector's Deli,"1/94 Buckingham St, Richmond VIC 3121, Australia",4.6,1374,davidhetfield6,5,"Top notch sandwiches. Your usual kinds, just done to perfection!",5/05/2026,1777951599,in the last week,https://www.google.com/maps/contrib/114886127220442590705/reviews,2026-05-05T16:00:18.358641,Positive,0.094
ChIJ02xRi2JD1moRJQh-pBNsBeI,Hector's Deli,"111 Moor St, Fitzroy VIC 3065, Australia",4.5,712,Madhavi Shetty,3,,5/05/2026,1777948962,in the last week,https://www.google.com/maps/contrib/106657419887626153163/reviews,2026-05-05T16:00:18.728886,Neutral,0.0
ChIJyT_pbABD1moRDAP0Mbql6QI,Hector's Deli,"61 Little Collins St, Melbourne VIC 3000, Australia",4.5,534,pat c,5,"Gretchen & Luke run a tight ship; friendly, fast, professional service, their matcha & espresso are smooth & well-balanced. The kitchen is a well-oiled machine making hefty & flavourful sandwiches, the Pork Shoulder is 👌",5/05/2026,1777941453,in the last week,https://www.google.com/maps/contrib/108653580252362843922/reviews,2026-05-05T12:00:18.024606,Positive,0.179
ChIJtVdgmvhC1moROxwhKPwolNQ,Hector's Deli,"1/94 Buckingham St, Richmond VIC 3121, Australia",4.6,1372,Lindsey A,5,"Really enjoyed the iced matcha, the mushroom melt and my son loved the tuna melt. Amazing service and good range of pastries. The cinnamon scroll was spot on. Only thing I’d say is that the restaurant is a bit cramped, but that’s just nitpicking. Well done!",3/05/2026,1777807297,in the last week,https://www.google.com/maps/contrib/115788520095188026934/reviews,2026-05-04T08:00:19.560377,Positive,0.5
ChIJZ_w0Oupn1moRyYfWpkBnSCA,Hector's Deli,"253 Coventry St, South Melbourne VIC 3205, Australia",4.4,953,Marco Cedriano,4,,3/05/2026,1777785925,in the last week,https://www.google.com/maps/contrib/101340692749597579972/reviews,2026-05-03T16:00:17.987943,Positive,0.0
ChIJyT_pbABD1moRDAP0Mbql6QI,Hector's Deli,"61 Little Collins St, Melbourne VIC 3000, Australia",4.5,533,Chloe Mace,2,"My partner and I went here for lunch one day, very busy but the service was still good. Loved the vibe of the place. He ordered a beef and pickles and said it was amazing, I got the mushroom melt and well I was heavily disappointed. For almost $20 I got a toastie  that tasted like only mustard and pepper. You order a mushroom melt and expect to taste the mushroom. Even made my partner who hates mushroom try it and even he said he couldn’t even taste the mushroom just mustard.",3/05/2026,1777774904,in the last week,https://www.google.com/maps/contrib/103553072106280406968/reviews,2026-05-03T16:00:20.209062,Negative,0.23
ChIJtVdgmvhC1moROxwhKPwolNQ,Hector's Deli,"1/94 Buckingham St, Richmond VIC 3121, Australia",4.6,1371,Scott Hughes,5,"Hector’s Deli serves some of the tastiest sandwiches around. The toasted beef and pickle sandwich was outstanding, with perfectly crunchy bread toasted to perfection while still complementing the delicious beef and pickle relish. The rare roast beef sandwich was equally impressive—fresh, flavourful, and beautifully balanced with tender meat, horseradish mayonnaise, and just the right hint of mustard. Highly recommended for anyone looking for quality sandwiches packed with flavour. Service was amazing such happy staff, especially when they call your name they always say thank you. Such a hidden gem.",2/05/2026,1777722526,in the last week,https://www.google.com/maps/contrib/116028911140800078187/reviews,2026-05-03T08:00:19.909687,Positive,0.381
ChIJ02xRi2JD1moRJQh-pBNsBeI,Hector's Deli,"111 Moor St, Fitzroy VIC 3065, Australia",4.5,711,Isabella Söderström,4,,2/05/2026,1777691668,in the last week,https://www.google.com/maps/contrib/100331289375568736033/reviews,2026-05-02T16:00:18.813451,Positive,0.0
ChIJ5SiiPaVD1moReQEViHlGa-g,Hector's Deli,"33 Stewart St, Richmond VIC 3121, Australia",4.3,194,dylan godfrey,5,,2/05/2026,1777673690,in the last week,https://www.google.com/maps/contrib/108905190108949207874/reviews,2026-05-02T12:00:18.504322,Positive,0.0
ChIJ5SiiPaVD1moReQEViHlGa-g,Hector's Deli,"33 Stewart St, Richmond VIC 3121, Australia",4.3,193,K&J MelBentures,5,The best toasties in Melbourne ever! :),1/05/2026,1777642055,in the last week,https://www.google.com/maps/contrib/105372217465940930855/reviews,2026-05-02T08:00:20.847204,Positive,0.75
ChIJ5SiiPaVD1moReQEViHlGa-g,Hector's Deli,"33 Stewart St, Richmond VIC 3121, Australia",4.3,193,LEON,1,"MOST MELBOURNE BUSINESSS ARE USUALLY TRUSTWORTHY,.  BUT NOT THIS BUSINESS.  IF THEY THINK YOU ARE NOT PAYING ATTENTION, THEY WOULD OVER-CHARGE YOU.

Went there for the second time today. I ordered HCT and was asked if I wanted sauce with it and I said yes. At home I went to look at how much I was charged. Lo and behold, I was charged $19.00 instead of the listed $17.00. I was charged $2.00 extra for the sauce. The surprise made me check the left-over half I still have. No tomato - understanding that HCT is for Ham, Cheese and Tomato. Their sandwiches made me go back a second time. But my experience today might stop me from going back.

They're quick to charge extra for the sauce but did not bother to offer a discount for a missing main ingredient. Worst is they did not say I would only get the HC and not HCT.",1/05/2026,1777638553,in the last week,https://www.google.com/maps/contrib/117870348815012061903/reviews,2026-05-02T08:00:20.849247,Negative,-0.028
ChIJtVdgmvhC1moROxwhKPwolNQ,Hector's Deli,"1/94 Buckingham St, Richmond VIC 3121, Australia",4.6,1370,Danny O'Sullivan,1,"We tried ordering for a group of 2.
While 1 of us was able to fulfill our order,hectors deli were unwilling to cater for the other lactose intolerant customer which meant 1 of us could not order which was disappointing.
We feel in this day & age with different dietary requirements should all be honoured but we have learned today that is not the case unfortunately.",1/05/2026,1777629626,in the last week,https://www.google.com/maps/contrib/112042733296056865225/reviews,2026-05-02T08:00:18.423998,Negative,-0.145
ChIJZ_w0Oupn1moRyYfWpkBnSCA,Hector's Deli,"253 Coventry St, South Melbourne VIC 3205, Australia",4.4,952,George Ellis,5,Unreal 🤌🏻,1/05/2026,1777611035,in the last week,https://www.google.com/maps/contrib/102827940979754521223/reviews,2026-05-01T16:00:17.274436,Positive,0.0
ChIJtVdgmvhC1moROxwhKPwolNQ,Hector's Deli,"1/94 Buckingham St, Richmond VIC 3121, Australia",4.6,1369,Hiba,1,"I’ve always had great experiences at Hector’s Deli in South Melbourne — even when they’re slammed with lines out the door, the staff are friendly, understanding, and happy to accommodate requests. Sadly, my first visit to the Fitzroy location was the complete opposite.

As we were about to walk in (through the wide-open door), a staff member (with tattoos on her arms) yelled at us to order from the side instead. I now understand that inside is for pick-up and outside is for ordering, but at the time we didn’t know. Even if we had stepped inside, it really wasn’t a big deal — she could’ve politely said, “Do you mind ordering from the side?” Instead, she shouted at us in a rude, unnecessarily loud tone that immediately set the wrong mood.

We then asked for a simple modification to avoid pork contamination — such as using baking paper or the wrapper to toast the sandwich, or even wiping down the toaster. Each time, she cut us off with a loud, condescending “NOOOO SORRY.” The chef, Chin, was the complete opposite: polite, friendly, and clearly willing to help. But she wouldn’t even let him get a word in.

Because of this, we ended up with cold tuna melt and cold meat sandwiches. Being from out of town, we didn’t have enough time to find other options, which made the experience even more disappointing.

It’s a shame that one staff member’s attitude can drag down the whole experience for the team. I won’t be returning to the Fitzroy store, especially knowing how much better and more accommodating the South Melbourne team is.

Edit: I emailed hectors deli, twice, as per their reply to my review, no response.",1/05/2026,1777609691,in the last week,https://www.google.com/maps/contrib/103317853248618490061/reviews,2026-05-01T16:00:17.777571,Negative,0.046
ChIJ5SiiPaVD1moReQEViHlGa-g,Hector's Deli,"33 Stewart St, Richmond VIC 3121, Australia",4.3,191,Mat Crowther,1,So the food was yummy until my partner got serious food poisoning…. won’t eat here again,30/04/2026,1777533559,in the last week,https://www.google.com/maps/contrib/104906482985709777762/reviews,2026-04-30T20:00:19.665450,Negative,-0.333
ChIJ02xRi2JD1moRJQh-pBNsBeI,Hector's Deli,"111 Moor St, Fitzroy VIC 3065, Australia",4.5,710,Matthew Aitken,5,"It was a typical overcast Saturday in Melbourne, so decided to head out and find some sunshine. Headed out to Fitzroy and dropped by Hectors for some brunch, they were pumping! Even at 1pm.

We joined the rest of the locals and eventually got to order, it’s very noisy inside so I recommend making your order decision ahead of time. We got there late so they were already sold out of many options.

Nonetheless the staff were all excellent and doing their best to keep the lines moving. We thoroughly enjoyed our toasties although I don’t think the hectors soda was good value for 200ml of soda.

Definitely a worthwhile experience for some tasty food in Melbourne.",29/04/2026,1777439986,in the last week,https://www.google.com/maps/contrib/106325509606942188693/reviews,2026-04-29T16:00:18.407349,Positive,0.432
ChIJyT_pbABD1moRDAP0Mbql6QI,Hector's Deli,"61 Little Collins St, Melbourne VIC 3000, Australia",4.5,532,Polly Gourlay,1,"No cold sandwich should take 35 minutes, no matter how tasty. Never again.",29/04/2026,1777435468,in the last week,https://www.google.com/maps/contrib/108249453129375636375/reviews,2026-04-29T16:00:19.086194,Negative,0.3
ChIJ02xRi2JD1moRJQh-pBNsBeI,Hector's Deli,"111 Moor St, Fitzroy VIC 3065, Australia",4.5,709,Arunchai Peerakachorn,4,There weren't enough tables. The tuna melt was delicious.,29/04/2026,1777400295,in the last week,https://www.google.com/maps/contrib/117453796865126317842/reviews,2026-04-29T08:00:18.650331,Positive,0.5
ChIJyT_pbABD1moRDAP0Mbql6QI,Hector's Deli,"61 Little Collins St, Melbourne VIC 3000, Australia",4.5,531,Mafi Ofamooni,3,"The food was average, with the hype on social it was a little disappointing.",28/04/2026,1777362560,in the last week,https://www.google.com/maps/contrib/109252925315178732325/reviews,2026-04-28T20:00:21.749210,Negative,-0.226
ChIJyT_pbABD1moRDAP0Mbql6QI,Hector's Deli,"61 Little Collins St, Melbourne VIC 3000, Australia",4.5,532,M,3,"The food was average, with the hype on social it was a little disappointing.",28/04/2026,1777362560,in the last week,https://www.google.com/maps/contrib/100254031471240518116/reviews,2026-04-30T16:00:19.281400,Negative,-0.226
ChIJyT_pbABD1moRDAP0Mbql6QI,Hector's Deli,"61 Little Collins St, Melbourne VIC 3000, Australia",4.5,530,D B,5,"Ordered online and ready on the minute!
Tuna melt was 🔥",28/04/2026,1777331683,in the last week,https://www.google.com/maps/contrib/104179961886488585517/reviews,2026-04-28T12:00:17.622108,Positive,0.25
ChIJ02xRi2JD1moRJQh-pBNsBeI,Hector's Deli,"111 Moor St, Fitzroy VIC 3065, Australia",4.5,708,Ben Tomlinson,5,,27/04/2026,1777269570,in the last week,https://www.google.com/maps/contrib/108647005763506668347/reviews,2026-04-27T16:00:18.129675,Positive,0.0
ChIJyT_pbABD1moRDAP0Mbql6QI,Hector's Deli,"61 Little Collins St, Melbourne VIC 3000, Australia",4.5,529,Anita Chetri,3,"Ordered the spicy chicken sandwich, was okay, could be better, just too much salt on chicken, but pickle and sauce was really good",27/04/2026,1777257470,in the last week,https://www.google.com/maps/contrib/113188830169125742645/reviews,2026-04-27T16:00:19.151833,Positive,0.117
ChIJ5SiiPaVD1moReQEViHlGa-g,Hector's Deli,"33 Stewart St, Richmond VIC 3121, Australia",4.3,190,Hungry,5,Very loaded and tasty sandwiches!! Yum!,26/04/2026,1777204780,in the last week,https://www.google.com/maps/contrib/116518541137912348750/reviews,2026-04-27T08:00:19.933607,Positive,0.391
ChIJ5SiiPaVD1moReQEViHlGa-g,Hector's Deli,"33 Stewart St, Richmond VIC 3121, Australia",4.3,190,L1706,5,Delicious food and generous portions,26/04/2026,1777198166,in the last week,https://www.google.com/maps/contrib/104886793774261858998/reviews,2026-04-27T08:00:19.935743,Positive,1.0
ChIJ02xRi2JD1moRJQh-pBNsBeI,Hector's Deli,"111 Moor St, Fitzroy VIC 3065, Australia",4.5,707,Edward Watkin,1,Don’t accept cash,26/04/2026,1777164364,in the last week,https://www.google.com/maps/contrib/104199514154737448302/reviews,2026-04-26T12:00:19.684230,Negative,0.0
ChIJyT_pbABD1moRDAP0Mbql6QI,Hector's Deli,"61 Little Collins St, Melbourne VIC 3000, Australia",4.5,528,Loïc .R,4,,26/04/2026,1777161266,in the last week,https://www.google.com/maps/contrib/104130358237760592082/reviews,2026-04-26T12:00:20.466356,Positive,0.0
ChIJtVdgmvhC1moROxwhKPwolNQ,Hector's Deli,"1/94 Buckingham St, Richmond VIC 3121, Australia",4.6,1369,Monique Connell,2,"I normally love hectors, but today was a pretty sub-par experience. We came on Anzac Day and understandably there was a very long wait and also a public holiday surcharge. $50 for two coffees, two breaky muffins (disappointed there wasn't any sausage left at 9:30am but oh well) and a donut.That's all fine right. But when it came to actually getting our order after said long wait, I went to collect my two egg and bacon muffins, just to be told that they ran out of the hectors sauce.
Now it may seem insignificant or a small thing, but if you've ever had the muffins you know the sauce is the best part of the muffin. And also I'm paying for the sauce.
I would have preferred if they told me before making the muffin that there wasn't any sauce because I would've just picked something else :(",25/04/2026,1777089387,in the last week,https://www.google.com/maps/contrib/118079853769397530724/reviews,2026-04-25T16:00:24.478792,Negative,0.045
ChIJ02xRi2JD1moRJQh-pBNsBeI,Hector's Deli,"111 Moor St, Fitzroy VIC 3065, Australia",4.5,706,Alex Cutler,1,"They took our order, and once we had paid they informed us that they couldn’t make the sandwich we asked for. When we told them we needed it without tomato due to allergies they said they couldn’t do it, and did not offer a refund for the overpriced $17 dollar sandwich, leaving us with no choice but to take a sandwich that I couldn’t even eat.",25/04/2026,1777082158,in the last week,https://www.google.com/maps/contrib/108714250181026306463/reviews,2026-04-25T12:00:46.042193,Negative,-0.125
ChIJyT_pbABD1moRDAP0Mbql6QI,Hector's Deli,"61 Little Collins St, Melbourne VIC 3000, Australia",4.5,527,Sky,5,,25/04/2026,1777069529,in the last week,https://www.google.com/maps/contrib/115096069053356977133/reviews,2026-04-25T12:00:46.708962,Positive,0.0
ChIJZ_w0Oupn1moRyYfWpkBnSCA,Hector's Deli,"253 Coventry St, South Melbourne VIC 3205, Australia",4.4,952,Anastasiya Nedelcheva,5,"Yummy sandwiches and sweets, service is fast and very friendly! Today i forgot to take my pastry after I ordered it and when I went back to awkwardly ask for it the staff was so lovely about it!",24/04/2026,1776996574,in the last week,https://www.google.com/maps/contrib/106368290585735829511/reviews,2026-04-24T16:00:19.709639,Positive,0.167
ChIJyT_pbABD1moRDAP0Mbql6QI,Hector's Deli,"61 Little Collins St, Melbourne VIC 3000, Australia",4.5,526,Lucas Roney,3,"It's still a nice sandwich but my god, the portioning has seriously declined. South Melbourne shop was the same. I miss when they used to stack on the cold cuts to the fresh options. Fair go charging more now, but no reason why the quantity of meat in the fresh sandwiches should drop off concurrently.",24/04/2026,1776994864,in the last week,https://www.google.com/maps/contrib/100589939221848623054/reviews,2026-04-24T12:00:19.586806,Positive,0.183
ChIJyT_pbABD1moRDAP0Mbql6QI,Hector's Deli,"61 Little Collins St, Melbourne VIC 3000, Australia",4.5,525,Tony B,5,,23/04/2026,1776908625,in the last week,https://www.google.com/maps/contrib/106361134932215398963/reviews,2026-04-23T12:00:26.468883,Positive,0.0
ChIJyT_pbABD1moRDAP0Mbql6QI,Hector's Deli,"61 Little Collins St, Melbourne VIC 3000, Australia",4.5,525,Sanch,5,"Absolutely phenomenal experience at Hector’s Deli. Every single item we ordered hit the spot — fresh, full of flavour, perfectly balanced, and clearly made with quality ingredients. You can tell a lot of care goes into the food here. The sandwiches were outstanding, the flavours were on point, and everything was satisfying from the first bite to the last. My personal favourite was the Beef Pickle — packed with flavour and an absolute standout. Easily one of the best deli spots in Melbourne. Highly recommend.",23/04/2026,1776904459,in the last week,https://www.google.com/maps/contrib/117405684847781631692/reviews,2026-04-23T12:00:26.469856,Positive,0.348
ChIJ02xRi2JD1moRJQh-pBNsBeI,Hector's Deli,"111 Moor St, Fitzroy VIC 3065, Australia",4.5,705,chaeeun lee,5,"Unlike the Little Collins St branch, this place is so friendly and spacious. Every single staff member was incredibly sweet!",23/04/2026,1776903416,in the last week,https://www.google.com/maps/contrib/100294791215898363075/reviews,2026-04-23T12:00:25.881829,Positive,0.138
ChIJtVdgmvhC1moROxwhKPwolNQ,Hector's Deli,"1/94 Buckingham St, Richmond VIC 3121, Australia",4.6,1368,ccnpi,3,,22/04/2026,1776826330,in the last week,https://www.google.com/maps/contrib/107064493673398835037/reviews,2026-04-22T16:00:43.826723,Neutral,0.0
ChIJ5SiiPaVD1moReQEViHlGa-g,Hector's Deli,"33 Stewart St, Richmond VIC 3121, Australia",4.3,188,ccnpi,4,,22/04/2026,1776826296,in the last week,https://www.google.com/maps/contrib/107064493673398835037/reviews,2026-04-22T16:00:45.648976,Positive,0.0
ChIJyT_pbABD1moRDAP0Mbql6QI,Hector's Deli,"61 Little Collins St, Melbourne VIC 3000, Australia",4.5,523,Romeo Kp,5,"Tuna melt was great, live it",22/04/2026,1776814762,in the last week,https://www.google.com/maps/contrib/104316200188688475013/reviews,2026-04-22T12:00:25.877623,Positive,0.468
ChIJyT_pbABD1moRDAP0Mbql6QI,Hector's Deli,"61 Little Collins St, Melbourne VIC 3000, Australia",4.5,522,Micah W,3,,21/04/2026,1776739692,in the last week,https://www.google.com/maps/contrib/117356901570609360399/reviews,2026-04-21T16:00:22.560090,Neutral,0.0
ChIJZ_w0Oupn1moRyYfWpkBnSCA,Hector's Deli,"253 Coventry St, South Melbourne VIC 3205, Australia",4.4,951,shankaran suresh,4,,20/04/2026,1776674851,in the last week,https://www.google.com/maps/contrib/117175694502968933373/reviews,2026-04-20T20:00:16.507537,Positive,0.0
ChIJ02xRi2JD1moRJQh-pBNsBeI,Hector's Deli,"111 Moor St, Fitzroy VIC 3065, Australia",4.5,704,Alex Bianchi,5,"I have been a sandwich hectors craver in Melbourne, but will say the Fitzroy store was so incredibly scrumptious. I got my usual beef and pickles yesterday (Sunday) around 1pm during a long wait time and had my day made by their cashier who took my order !!! We had a good laugh and I needed it, even though the store was so busy!! But the service felt really genuine and personal.

The food has been consistent throughout all the stores and hectors never fail to disappoint with the quality. It was really busy yesterday with so many people, wanted to dine it but it was very packed. I have a-lot of respect for the team, who take the time to make I would guess hundreds of sandwiches everyday, while also providing excellent and enthusiastic service especially during such a busy period.

Will definitely come back !! Great store and awesome vibes.",20/04/2026,1776652563,in the last week,https://www.google.com/maps/contrib/106938024981750498437/reviews,2026-04-20T16:00:23.311506,Positive,0.292
ChIJyT_pbABD1moRDAP0Mbql6QI,Hector's Deli,"61 Little Collins St, Melbourne VIC 3000, Australia",4.5,521,Peter Pham,5,"Great sandwiches, I only get takeaway for lunch and always pre-order online, it’s always packed and buzzing with queues.",20/04/2026,1776648472,in the last week,https://www.google.com/maps/contrib/111322159664273875603/reviews,2026-04-20T12:00:35.306527,Positive,0.4
ChIJ02xRi2JD1moRJQh-pBNsBeI,Hector's Deli,"111 Moor St, Fitzroy VIC 3065, Australia",4.5,703,Alistair,4,Hector's Fitzroy Melbourne is a must go for foodies. You know it is good when you have FOMO because you want what every one else is having. #bellydeli.,19/04/2026,1776596498,in the last week,https://www.google.com/maps/contrib/116348133767398833395/reviews,2026-04-20T08:00:19.029120,Positive,0.7
ChIJZ_w0Oupn1moRyYfWpkBnSCA,Hector's Deli,"253 Coventry St, South Melbourne VIC 3205, Australia",4.4,950,imogen vergara,1,,19/04/2026,1776590222,in the last week,https://www.google.com/maps/contrib/112480892871382768296/reviews,2026-04-19T20:00:17.176949,Negative,0.0
ChIJyT_pbABD1moRDAP0Mbql6QI,Hector's Deli,"61 Little Collins St, Melbourne VIC 3000, Australia",4.5,520,Brandi,4,Good sandwich! Store was very busy but the wait time wasn't too long,19/04/2026,1776586071,in the last week,https://www.google.com/maps/contrib/106324244899885888694/reviews,2026-04-19T20:00:18.592690,Positive,0.318
ChIJyT_pbABD1moRDAP0Mbql6QI,Hector's Deli,"61 Little Collins St, Melbourne VIC 3000, Australia",4.5,520,SEENWA (Instagram),5,"I was in Melbourne for 9 days recently and stopped by multiple times! The coffee, matcha, toasties, donuts and cookies were magic. I’d happily visit Melbourne again just to try more on their menu… Or order the same over and over again, great work team. Everything including service is done exceptionally well.",19/04/2026,1776580867,in the last week,https://www.google.com/maps/contrib/117793694631622333760/reviews,2026-04-19T20:00:18.593725,Positive,0.408
ChIJtVdgmvhC1moROxwhKPwolNQ,Hector's Deli,"1/94 Buckingham St, Richmond VIC 3121, Australia",4.6,1367,PhonzyB Reviews,3,"I really liked the beef and pickles sandwich. It looked appetising and tasted delicious. The beef was tender, moist and the restaurant was generous with it too.

The toasted bread brought in a golden, buttery crunch, staying soft on the inside, allowing me to experience the beef, pickles, cheese and hectic sauce straight away. The cheese and hectic sauce worked in harmony to elevate the taste of the beef and pickles toasted Sando.

Worth $17.5

Tuna melt

This was a good dish, it tasted ok. Not really much to say about this one. I wasn’t a fan of the mushy tuna texture. The cheese and tuna combination didn’t do it for me.

Tuna melt isn’t worth $17.5 in my opinion.",19/04/2026,1776567047,in the last week,https://www.google.com/maps/contrib/107618134247089902825/reviews,2026-04-19T16:00:17.284591,Positive,0.39
ChIJyT_pbABD1moRDAP0Mbql6QI,Hector's Deli,"61 Little Collins St, Melbourne VIC 3000, Australia",4.5,518,Tom S,5,,19/04/2026,1776564500,in the last week,https://www.google.com/maps/contrib/117660721300879338638/reviews,2026-04-19T16:00:18.224440,Positive,0.0
ChIJ5SiiPaVD1moReQEViHlGa-g,Hector's Deli,"33 Stewart St, Richmond VIC 3121, Australia",4.3,187,Sepehr Mohebbi,5,,19/04/2026,1776554186,in the last week,https://www.google.com/maps/contrib/106809910138029442084/reviews,2026-04-19T12:00:18.669023,Positive,0.0
ChIJyT_pbABD1moRDAP0Mbql6QI,Hector's Deli,"61 Little Collins St, Melbourne VIC 3000, Australia",4.5,517,Kimberly Wright,5,"Amazing sandwiches, super helpful and friendly staff! Would definitely go again!",18/04/2026,1776487957,in the last week,https://www.google.com/maps/contrib/103192646090811408530/reviews,2026-04-18T16:00:21.130266,Positive,0.351
ChIJyT_pbABD1moRDAP0Mbql6QI,Hector's Deli,"61 Little Collins St, Melbourne VIC 3000, Australia",4.5,517,Trent Ferrier,1,"The menu was underwhelming—there wasn’t much clarity about what each sandwich included unless you specifically asked, even down to the type of bread. The language barrier during ordering didn’t help, and what I thought I was getting wasn’t what I ended up with. The sandwich itself was sloppy and messy. The only real positive was the sauce, which was decent. Overall, it wasn’t the deli experience I was expecting. That said, I might give it another shot one day in case I just chose the wrong sandwich.",18/04/2026,1776479016,in the last week,https://www.google.com/maps/contrib/105835606717895279601/reviews,2026-04-18T16:00:21.132019,Negative,-0.063
ChIJZ_w0Oupn1moRyYfWpkBnSCA,Hector's Deli,"253 Coventry St, South Melbourne VIC 3205, Australia",4.4,949,Zil,3,"The food took about 25 minutes to come out, which was way too long, it was busy but not as busy as we had seen on a weekend. The steak sandwich was good. The chicken one had a bit too much going on. For the price I feel like it was a bit of a let down",18/04/2026,1776455996,in the last week,https://www.google.com/maps/contrib/118107692267476262605/reviews,2026-04-18T08:00:20.421289,Neutral,0.042
ChIJyT_pbABD1moRDAP0Mbql6QI,Hector's Deli,"61 Little Collins St, Melbourne VIC 3000, Australia",4.5,515,Lorelle Black,5,Amazing food! The tuna melt was next level! The potato salad was also super yummy. About a 20 minute wait but totally worth it.,17/04/2026,1776408846,in the last week,https://www.google.com/maps/contrib/105379364444755031246/reviews,2026-04-17T20:00:19.856536,Positive,0.346
ChIJZ_w0Oupn1moRyYfWpkBnSCA,Hector's Deli,"253 Coventry St, South Melbourne VIC 3205, Australia",4.4,948,Samuel Nkompilo (WordSmith97),5,"Great sandwich, great service…its quite popular so you’ll likely wait. But it’s so worth it. Best beef & pickle I’ve personally ever had",17/04/2026,1776396700,in the last week,https://www.google.com/maps/contrib/111327202605266692050/reviews,2026-04-17T16:00:20.165233,Positive,0.5
ChIJtVdgmvhC1moROxwhKPwolNQ,Hector's Deli,"1/94 Buckingham St, Richmond VIC 3121, Australia",4.6,1366,Kazuko Nishiguchi,5,"I finally went to Hector's Deli, a place I'd been wanting to try for ages.
I ordered a Mushroom Melt, Rare Beef, Donut, and a Cafe Latte.
Everything was delicious, but my favorite was the Mushroom Melt.
It was the best toasted sandwich I've ever had.",17/04/2026,1776396045,in the last week,https://www.google.com/maps/contrib/113034791849519468287/reviews,2026-04-17T16:00:20.601956,Positive,0.56
ChIJtVdgmvhC1moROxwhKPwolNQ,Hector's Deli,"1/94 Buckingham St, Richmond VIC 3121, Australia",4.6,1365,Ryan Flinn,5,My go to favourite. Absolutely love them! Go team!,17/04/2026,1776391104,in the last week,https://www.google.com/maps/contrib/100231128276272296335/reviews,2026-04-17T12:00:33.844727,Positive,0.781
ChIJyT_pbABD1moRDAP0Mbql6QI,Hector's Deli,"61 Little Collins St, Melbourne VIC 3000, Australia",4.5,514,Stephanie,5,,17/04/2026,1776389140,in the last week,https://www.google.com/maps/contrib/114584371371947567995/reviews,2026-04-17T12:00:35.269734,Positive,0.0
ChIJyT_pbABD1moRDAP0Mbql6QI,Hector's Deli,"61 Little Collins St, Melbourne VIC 3000, Australia",4.5,513,Leon Zhang,5,"The signature beef sandwich is indeed delicious, but it needs to be paired with mushrooms or other flavors to balance out its sourness. If there wasn't a line, I'd probably eat there often.",16/04/2026,1776324551,in the last week,https://www.google.com/maps/contrib/108709464529404377058/reviews,2026-04-16T20:00:17.212618,Positive,0.438
ChIJyT_pbABD1moRDAP0Mbql6QI,Hector's Deli,"61 Little Collins St, Melbourne VIC 3000, Australia",4.5,512,Marie-Agnes Rahbari,5,,16/04/2026,1776312982,in the last week,https://www.google.com/maps/contrib/118234539191522899724/reviews,2026-04-16T16:00:22.048966,Positive,0.0
ChIJtVdgmvhC1moROxwhKPwolNQ,Hector's Deli,"1/94 Buckingham St, Richmond VIC 3121, Australia",4.6,1364,Vu Lam Huynh Nguyen,5,"Lovely staff, great coffee and delicious food. Highly recommended.",16/04/2026,1776295256,in the last week,https://www.google.com/maps/contrib/113963307622329837202/reviews,2026-04-16T12:00:22.533004,Positive,0.615
ChIJyT_pbABD1moRDAP0Mbql6QI,Hector's Deli,"61 Little Collins St, Melbourne VIC 3000, Australia",4.5,511,samarth bhardwaj,5,"Took me YEARS of watching Sonny Side before I finally tried one of his recs and yeah… he did not lie. Sandwich was straight fire. Perfect crunch, no soggy nonsense. Literally feels like the sandwich you thought you were making as a kid… just leveled up hard.",15/04/2026,1776252264,in the last week,https://www.google.com/maps/contrib/105633183180869141483/reviews,2026-04-16T08:00:40.100752,Positive,0.227
ChIJZ_w0Oupn1moRyYfWpkBnSCA,Hector's Deli,"253 Coventry St, South Melbourne VIC 3205, Australia",4.4,946,Dion Larson,5,"Perfect spot for Sunday morning brekky!
Not to mention amazing coffee and donuts.
And the service is great!",15/04/2026,1776231345,in the last week,https://www.google.com/maps/contrib/108837342474194711928/reviews,2026-04-15T16:00:23.469888,Positive,0.867
ChIJyT_pbABD1moRDAP0Mbql6QI,Hector's Deli,"61 Little Collins St, Melbourne VIC 3000, Australia",4.5,510,Heather Tayler,1,"Love the food. But they need to remember to include a serviette in the bag. Got to the park to eat, opened the bag no serviette. Ended up having to wipe my hands on the grass. What else is a girl to do.",15/04/2026,1776221711,in the last week,https://www.google.com/maps/contrib/117672685228887297649/reviews,2026-04-15T16:00:24.879162,Negative,0.5
ChIJZ_w0Oupn1moRyYfWpkBnSCA,Hector's Deli,"253 Coventry St, South Melbourne VIC 3205, Australia",4.4,947,Am I XNhi?,4,"One of Melbourne’s food “icons,” so I couldn’t skip it. I chose the South Melbourne branch since it’s closer to home and feels more spacious than the CBD location. I went around lunchtime and the place was packed, with a long queue outside. We waited about 10 minutes to order, and the Maple Donut was already sold out, even though it was only midday.

We ordered 2 items:
- Beef and Pickles Toast (add Hectic sauce and cheese): a must-try signature. The smoked beef was thinly sliced and tender, the pickles were lightly tangy without being too salty, and the Hectic sauce with cheese added a rich, satisfying layer. It balanced out the crispy bread, which leaned slightly dry on its own.
- Chicken Salad Sandwich: I was choosing between this and the fried chicken, and picked the salad version to keep things lighter. It didn’t quite work for me. The filling was fresh, slightly tangy, and on the healthier side, but the cold savoury combination didn’t appeal to my taste, and the shredded chicken felt a bit plain.

I’d come back, but probably not anytime soon. It’s good, but not something I’d keep craving.",14/04/2026,1776174796,in the last week,https://www.google.com/maps/contrib/102349222575592287630/reviews,2026-04-16T16:00:20.711509,Positive,0.004
ChIJ5SiiPaVD1moReQEViHlGa-g,Hector's Deli,"33 Stewart St, Richmond VIC 3121, Australia",4.3,185,Chris Alvis,5,,14/04/2026,1776137965,in the last week,https://www.google.com/maps/contrib/105415068096290145246/reviews,2026-04-14T16:00:22.530194,Positive,0.0
ChIJyT_pbABD1moRDAP0Mbql6QI,Hector's Deli,"61 Little Collins St, Melbourne VIC 3000, Australia",4.5,509,Noa Lécot,2,,14/04/2026,1776131932,in the last week,https://www.google.com/maps/contrib/104121434112854347013/reviews,2026-04-14T12:00:43.558088,Negative,0.0
ChIJ5SiiPaVD1moReQEViHlGa-g,Hector's Deli,"33 Stewart St, Richmond VIC 3121, Australia",4.3,186,Mr Me,4,"Had to try Hector's after seeing a few Youtubers raving about it.
It wasn't as good as we'd hoped. My beef and pickle sandwich was amazing but the fried chicken sandwich was a real let down. Both were $17.50 but the chicken sandwich was the size of a slider. Not worth $17.50. Also had a cinnamon buns which was nice but the iced coffee had way too much ice.
Had to wait only a few minutes for a seat which was good.
Overall was good, not great and a bit pricey for what you get. But will go back and try something else.",13/04/2026,1776071143,in the last week,https://www.google.com/maps/contrib/102295349090095183558/reviews,2026-04-16T20:00:17.924978,Positive,0.082
ChIJyT_pbABD1moRDAP0Mbql6QI,Hector's Deli,"61 Little Collins St, Melbourne VIC 3000, Australia",4.5,508,Rizza Santos,4,"Went to Lt. Collins and it was quite busy, got lucky a group left while I was waiting for my sandwich and was able to grab a stool and eat there.
ABBA the as on so it was 'nostalgic' - lunchtime busy so took a bit for my tuna melt to come. I was hoping to grab a rueben but was not on the menu, the only thing to be mindful of.",13/04/2026,1776056808,in the last week,https://www.google.com/maps/contrib/112039174262038250145/reviews,2026-04-13T16:01:23.280051,Positive,0.076
ChIJtVdgmvhC1moROxwhKPwolNQ,Hector's Deli,"1/94 Buckingham St, Richmond VIC 3121, Australia",4.6,1364,Harley Cheng,5,,12/04/2026,1775990801,in the last week,https://www.google.com/maps/contrib/104572352337258549161/reviews,2026-04-13T08:00:21.935353,Positive,0.0
ChIJ02xRi2JD1moRJQh-pBNsBeI,Hector's Deli,"111 Moor St, Fitzroy VIC 3065, Australia",4.5,703,Alistair,4,Hector's Fitzroy Melbourne is a must go for foodies. You know it is good when you have FOMO because you want what eveowleae is having. #bellydeli.,12/04/2026,1775973217,in the last week,https://www.google.com/maps/contrib/116348133767398833395/reviews,2026-04-12T16:00:29.709032,Positive,0.7
ChIJtVdgmvhC1moROxwhKPwolNQ,Hector's Deli,"1/94 Buckingham St, Richmond VIC 3121, Australia",4.6,1363,Steven Smith,1,Since when is ham cheese tomato mortadella and chutney? And chicken salad chicken and mayo no salad??? lol complete waste of money and I’ve left with a stomach ache,12/04/2026,1775960865,in the last week,https://www.google.com/maps/contrib/110092151533995195151/reviews,2026-04-12T16:00:29.316297,Negative,-0.083
ChIJZ_w0Oupn1moRyYfWpkBnSCA,Hector's Deli,"253 Coventry St, South Melbourne VIC 3205, Australia",4.4,945,Isura Salwathura,5,,12/04/2026,1775944298,in the last week,https://www.google.com/maps/contrib/110495385408469894912/reviews,2026-04-12T08:00:19.757815,Positive,0.0
ChIJtVdgmvhC1moROxwhKPwolNQ,Hector's Deli,"1/94 Buckingham St, Richmond VIC 3121, Australia",4.6,1362,Kingsley Wong,2,"It took me long enough to get to the new place (33 Stewart St, Richmond VIC 3121, Australia), and I bought it, but eventually I got the wrong one. I don't want to bother driving back to exchange the food again. Next time, please double‑check, for God's sake! I never had this issue before at the old one.",11/04/2026,1775878735,in the last week,https://www.google.com/maps/contrib/100593723649691902045/reviews,2026-04-11T16:00:16.171774,Negative,-0.045
ChIJtVdgmvhC1moROxwhKPwolNQ,Hector's Deli,"1/94 Buckingham St, Richmond VIC 3121, Australia",4.6,1361,Bridget Kerrison,4,delicious! but they really need a second barista on weekends with that brunch rush,11/04/2026,1775869617,in the last week,https://www.google.com/maps/contrib/101021703239336056368/reviews,2026-04-11T12:00:15.937396,Positive,0.4
ChIJZ_w0Oupn1moRyYfWpkBnSCA,Hector's Deli,"253 Coventry St, South Melbourne VIC 3205, Australia",4.4,944,Adam Ring,5,The best bloody Chicken Schnitzel sandwich I have ever had in my life. And I don’t usually swear!!,11/04/2026,1775860328,in the last week,https://www.google.com/maps/contrib/115851745040930345613/reviews,2026-04-11T12:00:15.614037,Positive,-0.198
ChIJ5SiiPaVD1moReQEViHlGa-g,Hector's Deli,"33 Stewart St, Richmond VIC 3121, Australia",4.3,185,The Guided One,1,Yeah when service means jack all.,11/04/2026,1775859875,in the last week,https://www.google.com/maps/contrib/101858983755160039989/reviews,2026-04-11T12:00:17.621371,Negative,0.0
ChIJtVdgmvhC1moROxwhKPwolNQ,Hector's Deli,"1/94 Buckingham St, Richmond VIC 3121, Australia",4.6,1360,Harro van Duijn,5,"Great food, great coffee, great service 👌🏻",11/04/2026,1775853155,in the last week,https://www.google.com/maps/contrib/109614474711206553206/reviews,2026-04-11T08:00:17.908485,Positive,0.8
ChIJtVdgmvhC1moROxwhKPwolNQ,Hector's Deli,"1/94 Buckingham St, Richmond VIC 3121, Australia",4.6,1360,Amol Abdagiri,5,,10/04/2026,1775819634,in the last week,https://www.google.com/maps/contrib/110661967623094384827/reviews,2026-04-11T08:00:17.909065,Positive,0.0
ChIJyT_pbABD1moRDAP0Mbql6QI,Hector's Deli,"61 Little Collins St, Melbourne VIC 3000, Australia",4.5,507,Athina Soulantzos,5,,10/04/2026,1775795509,in the last week,https://www.google.com/maps/contrib/105815227831889558482/reviews,2026-04-10T16:00:58.194465,Positive,0.0
ChIJ02xRi2JD1moRJQh-pBNsBeI,Hector's Deli,"111 Moor St, Fitzroy VIC 3065, Australia",4.5,702,Elena Georgievska,5,,10/04/2026,1775792147,in the last week,https://www.google.com/maps/contrib/100110426982382528914/reviews,2026-04-10T16:00:57.566674,Positive,0.0
ChIJ02xRi2JD1moRJQh-pBNsBeI,Hector's Deli,"111 Moor St, Fitzroy VIC 3065, Australia",4.5,702,Remy Maguire,5,,10/04/2026,1775792104,in the last week,https://www.google.com/maps/contrib/111991666833903085006/reviews,2026-04-10T16:00:57.567206,Positive,0.0
ChIJyT_pbABD1moRDAP0Mbql6QI,Hector's Deli,"61 Little Collins St, Melbourne VIC 3000, Australia",4.5,506,Ngoc Han (Sandy),5,We had the pork roast and fried chicken but the chicken was so so much better (pork roast is also yum!) its literally the best we ever had. Ranch on the side is also best decision 😆😆😆,10/04/2026,1775780257,in the last week,https://www.google.com/maps/contrib/110249104722792313986/reviews,2026-04-10T12:00:40.148059,Positive,0.285
ChIJ5SiiPaVD1moReQEViHlGa-g,Hector's Deli,"33 Stewart St, Richmond VIC 3121, Australia",4.3,184,Shuran Li,5,It's really delicious. There's always a huge line every time. I highly recommend the roasted beef,10/04/2026,1775743205,in the last week,https://www.google.com/maps/contrib/102941904447607613184/reviews,2026-04-10T08:00:51.982184,Positive,0.52
ChIJyT_pbABD1moRDAP0Mbql6QI,Hector's Deli,"61 Little Collins St, Melbourne VIC 3000, Australia",4.5,505,Meano,4,"Beef & Pickles
So yummy and balanced. They already slice the toast, and it's a good thing because you can eat the remained half later or share with a friend.

Fried Chicken
Chicken is tender, with a bit of crisp which I love. They use soft burger bun.

Queue moves fast. Dining area only fits 4 or 5 persons, and it's very humid. That's why I ordered take away, but there's no sauce in the bag.
When your order is ready, they will call your name they asked during payment. We waited around 15mins during weekday lunch hour.",9/04/2026,1775733093,in the last week,https://www.google.com/maps/contrib/100649813604042965891/reviews,2026-04-10T08:00:51.662009,Positive,0.065
ChIJ5SiiPaVD1moReQEViHlGa-g,Hector's Deli,"33 Stewart St, Richmond VIC 3121, Australia",4.3,183,Cheoy Santiago,5,The space is quite tight and small.,9/04/2026,1775724333,in the last week,https://www.google.com/maps/contrib/108946112635057253305/reviews,2026-04-09T20:00:20.726100,Positive,-0.214
ChIJyT_pbABD1moRDAP0Mbql6QI,Hector's Deli,"61 Little Collins St, Melbourne VIC 3000, Australia",4.5,504,Zaem D,2,"Unfortunately, there wasn't much left on the menu. I opted for the fried chicken sandwich. Frankly, I was disappointed: tiny bun, tasteless chicken, and overpowering sauce.
Disappointed",9/04/2026,1775709003,in the last week,https://www.google.com/maps/contrib/103982053956303535962/reviews,2026-04-09T16:00:18.727756,Negative,-0.475
ChIJyT_pbABD1moRDAP0Mbql6QI,Hector's Deli,"61 Little Collins St, Melbourne VIC 3000, Australia",4.5,504,Chris Hood,5,Absolutely fantastic beef and pickles. Highly recommended.,9/04/2026,1775706786,in the last week,https://www.google.com/maps/contrib/112136711744972677570/reviews,2026-04-09T16:00:18.728685,Positive,0.28
ChIJ5SiiPaVD1moReQEViHlGa-g,Hector's Deli,"33 Stewart St, Richmond VIC 3121, Australia",4.3,182,Daniel Nicholson,5,,9/04/2026,1775687982,in the last week,https://www.google.com/maps/contrib/112241605256845526531/reviews,2026-04-09T12:00:20.765380,Positive,0.0
ChIJ02xRi2JD1moRJQh-pBNsBeI,Hector's Deli,"111 Moor St, Fitzroy VIC 3065, Australia",4.5,700,Phoebe Meg,5,"Have come a few times and am yet to find a menu item I don’t like. Everything is elite. Even simple classics like a mushroom toasty taste elevated and special.

Highly suggest using their online ordering service before coming because it’s a bit busy.

Nevertheless, the wait is well worth it.",8/04/2026,1775654619,in the last week,https://www.google.com/maps/contrib/116829634278989942122/reviews,2026-04-09T08:00:58.837670,Positive,0.12
ChIJ5SiiPaVD1moReQEViHlGa-g,Hector's Deli,"33 Stewart St, Richmond VIC 3121, Australia",4.3,181,Hailie Phamm,5,"I can't remember the number of times I've been here for brunch cause I live nearby. My fav of all time is the HCT sandwiches, i love the little jam that they put in it omg so good, it just hyped the flavor of everything up. And my boyfriend’s fav is the fried chicken burger, the chicken is crunchy outside and juicy inside!!! If it’s your first time here and you’re reading the reviews to see what to order, you know what to do now 😍😍😍",8/04/2026,1775628970,in the last week,https://www.google.com/maps/contrib/106434419282071266533/reviews,2026-04-08T20:00:21.479310,Positive,0.025
ChIJyT_pbABD1moRDAP0Mbql6QI,Hector's Deli,"61 Little Collins St, Melbourne VIC 3000, Australia",4.5,503,Kath Surname,5,This is what I call a salad sandwich! Perfect after a 7.5 mile meander around Melbourne parks & gardens. Thank you.,8/04/2026,1775623977,in the last week,https://www.google.com/maps/contrib/108232542452598036736/reviews,2026-04-08T16:00:33.011977,Positive,1.0
ChIJyT_pbABD1moRDAP0Mbql6QI,Hector's Deli,"61 Little Collins St, Melbourne VIC 3000, Australia",4.5,504,Kath Bourke,5,This is what I call a salad sandwich! Perfect after a 7.5 mile meander around Melbourne parks & gardens. Thank you.,8/04/2026,1775623977,in the last week,https://www.google.com/maps/contrib/108232542452598036736/reviews,2026-04-09T16:00:18.729811,Positive,1.0
ChIJZ_w0Oupn1moRyYfWpkBnSCA,Hector's Deli,"253 Coventry St, South Melbourne VIC 3205, Australia",4.4,944,Natalie Hintze,5,"You just feel good eating here. Great food, exceptional service, delicious drinks. The experience could not be better. Side note- best show string fries I’ve ever had in my life.",8/04/2026,1775615882,in the last week,https://www.google.com/maps/contrib/107802510635315483626/reviews,2026-04-08T16:00:31.215226,Positive,0.778
ChIJyT_pbABD1moRDAP0Mbql6QI,Hector's Deli,"61 Little Collins St, Melbourne VIC 3000, Australia",4.5,502,Miguel Padilla,5,,8/04/2026,1775602757,in the last week,https://www.google.com/maps/contrib/106857717642202448433/reviews,2026-04-08T12:00:23.097451,Positive,0.0
ChIJ5SiiPaVD1moReQEViHlGa-g,Hector's Deli,"33 Stewart St, Richmond VIC 3121, Australia",4.3,180,Bill z,3,"sometimes i feel like going to the bathroom.

sometimes I feel like going to hectors.

My bathroom is also very polished and clean but perhaps a bit more personal.

I admire their work but I don't think I'm the intended clientele.

Whose deli is being caricatured, exactly?",8/04/2026,1775580776,in the last week,https://www.google.com/maps/contrib/113193528759848663955/reviews,2026-04-08T08:03:02.792517,Positive,0.263
ChIJyT_pbABD1moRDAP0Mbql6QI,Hector's Deli,"61 Little Collins St, Melbourne VIC 3000, Australia",4.5,501,Marcelle Girgis,5,Best sandwich ever. Loved it. The chicken and smoked beef sandwiches were generous in portion size and delicious. The bread was fresh and delicious   Definitely a must go to again place.,7/04/2026,1775549275,in the last week,https://www.google.com/maps/contrib/107215854088309303821/reviews,2026-04-07T20:00:20.737211,Positive,0.486
ChIJZ_w0Oupn1moRyYfWpkBnSCA,Hector's Deli,"253 Coventry St, South Melbourne VIC 3205, Australia",4.4,943,JUAN JOSE GARCIA BELLALTA,5,,7/04/2026,1775521305,in the last week,https://www.google.com/maps/contrib/100074181563878753548/reviews,2026-04-07T12:00:23.188806,Positive,0.0
ChIJZ_w0Oupn1moRyYfWpkBnSCA,Hector's Deli,"253 Coventry St, South Melbourne VIC 3205, Australia",4.4,942,Harper Marchant,5,"Awesome food, great experience.
Loved seeing the food being made infront of me too.
Tuna melts on a Good Friday, best decisions made!",6/04/2026,1775467763,in the last week,https://www.google.com/maps/contrib/114191559173206216528/reviews,2026-04-06T20:00:14.609603,Positive,0.84
ChIJtVdgmvhC1moROxwhKPwolNQ,Hector's Deli,"1/94 Buckingham St, Richmond VIC 3121, Australia",4.6,1358,Luther Kingsley,1,,6/04/2026,1775466289,in the last week,https://www.google.com/maps/contrib/100837468444834456164/reviews,2026-04-06T20:00:14.919685,Negative,0.0
ChIJ02xRi2JD1moRJQh-pBNsBeI,Hector's Deli,"111 Moor St, Fitzroy VIC 3065, Australia",4.5,699,Luther Kingsley,1,,6/04/2026,1775466272,in the last week,https://www.google.com/maps/contrib/100837468444834456164/reviews,2026-04-06T20:00:15.206867,Negative,0.0
ChIJyT_pbABD1moRDAP0Mbql6QI,Hector's Deli,"61 Little Collins St, Melbourne VIC 3000, Australia",4.5,500,Andy Lee,4,,6/04/2026,1775460237,in the last week,https://www.google.com/maps/contrib/116177995371854414999/reviews,2026-04-06T20:00:15.854128,Positive,0.0
ChIJyT_pbABD1moRDAP0Mbql6QI,Hector's Deli,"61 Little Collins St, Melbourne VIC 3000, Australia",4.5,499,Michelle Hartjes,5,"We had the egg and cheese muffin and added bacon and also ordered a hash brown that I added to my muffin!! OMG soooo yummy. We also ordered the HCT which was mortadella with a tomato chutney type sauce and cheese also delicious and crispy.
Food was served hot and crusty/crispy.
I also had the maple glazed donut, sooo good. Had to wait a while to finish that was so full after the sandwiches
The only downside is there was nowhere to sit and eat it, it was super busy.",6/04/2026,1775444589,in the last week,https://www.google.com/maps/contrib/113197023826716453481/reviews,2026-04-06T16:00:20.964044,Positive,0.39
ChIJtVdgmvhC1moROxwhKPwolNQ,Hector's Deli,"1/94 Buckingham St, Richmond VIC 3121, Australia",4.6,1357,Arnold Konjol,5,,6/04/2026,1775431488,in the last week,https://www.google.com/maps/contrib/105113527613047381971/reviews,2026-04-06T12:00:29.736529,Positive,0.0
ChIJ02xRi2JD1moRJQh-pBNsBeI,Hector's Deli,"111 Moor St, Fitzroy VIC 3065, Australia",4.5,698,Anna,5,"吐司烤的非常酥脆，牛肉跟蘑菇口味非常好吃，是一間讓人感到驚艷的店。The toast was toasted to a perfect crisp, and the beef and mushroom flavors were delicious. It was an amazing restaurant.",5/04/2026,1775386389,in the last week,https://www.google.com/maps/contrib/102198703857920012537/reviews,2026-04-06T08:00:20.069930,Positive,0.713
ChIJyT_pbABD1moRDAP0Mbql6QI,Hector's Deli,"61 Little Collins St, Melbourne VIC 3000, Australia",4.5,498,Lily,5,"Ah, I know why it's famous. It's simple, but perfectly delicious.",5/04/2026,1775369511,in the last week,https://www.google.com/maps/contrib/113072336628475782408/reviews,2026-04-05T20:00:17.441872,Positive,0.5
ChIJyT_pbABD1moRDAP0Mbql6QI,Hector's Deli,"61 Little Collins St, Melbourne VIC 3000, Australia",4.5,497,Sultan AlKhoori,2,,5/04/2026,1775365903,in the last week,https://www.google.com/maps/contrib/118021851599656194511/reviews,2026-04-05T16:00:27.970652,Negative,0.0
ChIJ02xRi2JD1moRJQh-pBNsBeI,Hector's Deli,"111 Moor St, Fitzroy VIC 3065, Australia",4.5,697,Nathaniel Buchanan,2,Overrated. Absolutely nothing special.,5/04/2026,1775361030,in the last week,https://www.google.com/maps/contrib/104721869689721452100/reviews,2026-04-05T16:00:27.226782,Negative,0.279
ChIJyT_pbABD1moRDAP0Mbql6QI,Hector's Deli,"61 Little Collins St, Melbourne VIC 3000, Australia",4.5,496,angel zen,2,I got the wrong order and they were quite unapologetic about it and told me to wait :),5/04/2026,1775352297,in the last week,https://www.google.com/maps/contrib/104060109300949356888/reviews,2026-04-05T12:00:29.252398,Negative,0.0
ChIJZ_w0Oupn1moRyYfWpkBnSCA,Hector's Deli,"253 Coventry St, South Melbourne VIC 3205, Australia",4.4,941,Kiaxin Koh,4,,5/04/2026,1775344668,in the last week,https://www.google.com/maps/contrib/114054523309188687082/reviews,2026-04-05T12:00:25.803894,Positive,0.0
ChIJyT_pbABD1moRDAP0Mbql6QI,Hector's Deli,"61 Little Collins St, Melbourne VIC 3000, Australia",4.5,495,Ani Dc,5,Worth of waiting in line. Sold out very quickly. Better to order online and pickup on selected time of window. Seating is very limited. Staffs are friendly and efficient. Love the way deliver: “thank you  Mr X/ Ms Y’.  ☺️,5/04/2026,1775313359,in the last week,https://www.google.com/maps/contrib/101986421416534110610/reviews,2026-04-05T08:00:21.036405,Positive,0.316
ChIJyT_pbABD1moRDAP0Mbql6QI,Hector's Deli,"61 Little Collins St, Melbourne VIC 3000, Australia",4.5,494,Caren Aguado,5,"Tried Hector’s Deli and their sandwiches were amazing. It was recommended to us, and I must say it’s easily one of the best we’ve tasted.

Simple, well-made, and packed with flavor—definitely lives up to the hype. Highly recommend if you’re in the area!",4/04/2026,1775224317,in the last week,https://www.google.com/maps/contrib/110390890287091729278/reviews,2026-04-04T08:00:15.624233,Positive,0.447
ChIJ5SiiPaVD1moReQEViHlGa-g,Hector's Deli,"33 Stewart St, Richmond VIC 3121, Australia",4.3,179,Emily & Mike Lucas,3,"Service and atmosphere is always great here.

As a vegan, it was good to see a sandwich option available (salad sandwich), but at $17.50 for basically two bits of bread with some carrot and lettuce in it a bit disappointing given the meat options are similarly priced.",3/04/2026,1775197710,in the last week,https://www.google.com/maps/contrib/107200349454662104791/reviews,2026-04-03T20:00:15.459268,Positive,0.26
ChIJyT_pbABD1moRDAP0Mbql6QI,Hector's Deli,"61 Little Collins St, Melbourne VIC 3000, Australia",4.5,493,Stu W,2,Good food but there lack of knowledge on what is dairy free and unwillingness to make any adjustments to their food makes me not want to return. Staff really lack knowledge,3/04/2026,1775183387,in the last week,https://www.google.com/maps/contrib/111397799348273868702/reviews,2026-04-03T16:00:17.317338,Negative,0.433
ChIJyT_pbABD1moRDAP0Mbql6QI,Hector's Deli,"61 Little Collins St, Melbourne VIC 3000, Australia",4.5,492,Victor Diaz Infante M,5,"Great quality, great vibe. Beef & pickles is a must try",3/04/2026,1775175858,in the last week,https://www.google.com/maps/contrib/110016648263972160263/reviews,2026-04-03T12:00:17.602776,Positive,0.8
ChIJtVdgmvhC1moROxwhKPwolNQ,Hector's Deli,"1/94 Buckingham St, Richmond VIC 3121, Australia",4.6,1356,The milkman,5,Cool little hole in the wall hidden down a residential street. Great sandwiches and coffee,2/04/2026,1775129463,in the last week,https://www.google.com/maps/contrib/115136517884130612964/reviews,2026-04-03T07:00:14.216868,Positive,0.128
ChIJ02xRi2JD1moRJQh-pBNsBeI,Hector's Deli,"111 Moor St, Fitzroy VIC 3065, Australia",4.5,696,Alex Tan,5,"Service: Had a great experience and excellent lunch with the fam. The service was great served by a tall man with a blonde fringe and another man who was making coffee. Very kind and attentive. The pastries were well plated and served to us with cutleries.

Food: Excellent food, ordered a great array of toasted, chicken sandwiches with pastries. I loved the cinnamon scroll, it was my favourite. The apple pastry was also really good and of course the maple donuts, which my kid ate the whole thing. Sandwiches tasted fresh and great.

Would definitely come back again and try more of the pastries and sandwich's.",2/04/2026,1775104381,in the last week,https://www.google.com/maps/contrib/107932281524235658615/reviews,2026-04-02T16:00:16.609056,Positive,0.481
ChIJ02xRi2JD1moRJQh-pBNsBeI,Hector's Deli,"111 Moor St, Fitzroy VIC 3065, Australia",4.5,696,Leonid Kostovski,1,"I ordered a chicken Caesar salad for lunch today and it was not what I was expecting. I mistaken the chicken for tuna. If your chicken looks like that and was frozen, hard to move then there is definitely something wrong with it. The dressing was sour and it was bland. It tasted like the already made chicken Caesar from Coles in the plastic packaging. As for their other food, I can’t really say much and I would definitely give it a try but please the chicken Caesar needs some serious help and definitely should be avoided if it is not changed. Also, I got it for takeaway and the cutlery that I was given was the same material as a paper plate. Couldn’t even pick up a cucumber if my life depended on it.",2/04/2026,1775096327,in the last week,https://www.google.com/maps/contrib/112465082342140386895/reviews,2026-04-02T16:00:16.611916,Negative,-0.245
ChIJyT_pbABD1moRDAP0Mbql6QI,Hector's Deli,"61 Little Collins St, Melbourne VIC 3000, Australia",4.5,491,Karen Hater,5,,2/04/2026,1775095248,in the last week,https://www.google.com/maps/contrib/107643091609593670966/reviews,2026-04-02T16:00:17.203008,Positive,0.0
ChIJZ_w0Oupn1moRyYfWpkBnSCA,Hector's Deli,"253 Coventry St, South Melbourne VIC 3205, Australia",4.4,940,Gaby Salud,5,"It’s been a week but we’re still thinking of our sandwiches at Hector’s. We got the hot honey salami and the tuna melt and *chef’s kiss*. Despite everyone recommending it, Hector’s is definitely not overrated. It’s worth the hype — quality in every bite. Even as someone with a small appetite, I gobbled up every bit of my sandwich — and even finished it off with a cookie, which I loved!",2/04/2026,1775089754,in the last week,https://www.google.com/maps/contrib/116431015145426396305/reviews,2026-04-02T13:00:25.183819,Positive,0.235
ChIJyT_pbABD1moRDAP0Mbql6QI,Hector's Deli,"61 Little Collins St, Melbourne VIC 3000, Australia",4.5,490,Aameir Alihussain,5,Excellent sandwiches especially the beef pastrami and mushroom sandwiches we had. Worth standing in line there. Hardly any space inside so expect to eat on road side but have it fresh there. Must visit when in Melbourne. Closes at 3 pm so time it accoridngly.,1/04/2026,1775033637,in the last week,https://www.google.com/maps/contrib/102956105647481667009/reviews,2026-04-02T07:00:27.950428,Positive,0.262
ChIJ02xRi2JD1moRJQh-pBNsBeI,Hector's Deli,"111 Moor St, Fitzroy VIC 3065, Australia",4.5,694,Joseph Solomonsz,5,had the fried mushroom for lunch and it was so so so good wow i'm drooling at the thought of it right now. had a lot of sauce so eating it got a bit messy - not complaining though bc that sauce was everything,1/04/2026,1775011087,in the last week,https://www.google.com/maps/contrib/102365392399965760223/reviews,2026-04-01T16:00:19.992261,Positive,0.221
ChIJZ_w0Oupn1moRyYfWpkBnSCA,Hector's Deli,"253 Coventry St, South Melbourne VIC 3205, Australia",4.3,940,Eriko S (EE),5,"Finally tried the famous Hector’s Deli. Got the HCM (ham & cheese toastie) and the beef & pickle. Both were spot on. The toastie was perfectly crisp and melty, and the beef & pickle had great flavor balance. Simple, done really well.",1/04/2026,1775003139,in the last week,https://www.google.com/maps/contrib/105863476538192424242/reviews,2026-04-01T13:00:49.155793,Positive,0.292
ChIJ5SiiPaVD1moReQEViHlGa-g,Hector's Deli,"33 Stewart St, Richmond VIC 3121, Australia",4.3,178,Casey Kenney,5,Placed a large donut order for our wedding dessert this past weekend. Easy pick up and arrangement. Donut bites were loved by all! Thanks for helping deliver on our big day!,31/03/2026,1774930515,in the last week,https://www.google.com/maps/contrib/112463051247102430129/reviews,2026-03-31T16:00:20.218847,Positive,0.245
ChIJZ_w0Oupn1moRyYfWpkBnSCA,Hector's Deli,"253 Coventry St, South Melbourne VIC 3205, Australia",4.3,939,Scott Harding,5,,31/03/2026,1774924524,in the last week,https://www.google.com/maps/contrib/115484645767738136594/reviews,2026-03-31T16:00:18.516630,Positive,0.0
ChIJyT_pbABD1moRDAP0Mbql6QI,Hector's Deli,"61 Little Collins St, Melbourne VIC 3000, Australia",4.5,489,N J,3,"The toast itself is nice and crunchy at first, but the tuna filling is overly salty and gets heavy after a few bites. It definitely doesn't age well—once it cools down, the flavors become quite oily and the bread gets really chewy and hard to bite.",31/03/2026,1774910919,in the last week,https://www.google.com/maps/contrib/100003400772535529326/reviews,2026-03-31T10:00:26.138878,Neutral,0.025
ChIJyT_pbABD1moRDAP0Mbql6QI,Hector's Deli,"61 Little Collins St, Melbourne VIC 3000, Australia",4.5,488,Noff Barbera,5,,31/03/2026,1774880111,in the last week,https://www.google.com/maps/contrib/108685410540753357733/reviews,2026-03-31T07:00:20.167399,Positive,0.0
ChIJyT_pbABD1moRDAP0Mbql6QI,Hector's Deli,"61 Little Collins St, Melbourne VIC 3000, Australia",4.5,488,Rebecca W.,4,Sandwich was delish but not sure it's worth the hype of line up. Most was gone by 1pm also!,30/03/2026,1774851965,in the last week,https://www.google.com/maps/contrib/116176186674097574627/reviews,2026-03-31T07:00:20.168402,Positive,0.225
ChIJyT_pbABD1moRDAP0Mbql6QI,Hector's Deli,"61 Little Collins St, Melbourne VIC 3000, Australia",4.5,488,Amanda Hill,5,"We got recommended this place and it did not disappoint. Me and my roommates all got the hot honey salami sandwich and it was phenomenal. There was so much flavor. The inside of the store was giving very classic diner/deli vibes and it was super cute. Not many stools to sit on, but we found an outside area near by to eat our sandwiches. The burrata was so good and flavorful, same with the sauces in it. It was the perfect level of hot and genuinely each bit was a blast of flavor. I never wanted it to end. The bread is also different from what I’ve had before but still very soft and delicious. Also after eating it, I was full but not heavy feeling. Very satisfied.",30/03/2026,1774849323,in the last week,https://www.google.com/maps/contrib/113366648237027683871/reviews,2026-03-31T07:00:20.170307,Positive,0.322
ChIJyT_pbABD1moRDAP0Mbql6QI,Hector's Deli,"61 Little Collins St, Melbourne VIC 3000, Australia",4.5,485,Ian Gurung,4,"Just your average deli sandwich experience with good tasting sandwiches. Tasted pretty fresh, good crunch and flavour.",30/03/2026,1774835055,in the last week,https://www.google.com/maps/contrib/104764053110970572497/reviews,2026-03-30T13:00:14.732406,Positive,0.36
ChIJyT_pbABD1moRDAP0Mbql6QI,Hector's Deli,"61 Little Collins St, Melbourne VIC 3000, Australia",4.5,484,Liem,5,"Try chicken  sandwich next time
Lines can be long not much space inside, cozy and good vibes",30/03/2026,1774790083,in the last week,https://www.google.com/maps/contrib/109691627478179649597/reviews,2026-03-30T07:00:22.585307,Positive,-0.042
ChIJ02xRi2JD1moRJQh-pBNsBeI,Hector's Deli,"111 Moor St, Fitzroy VIC 3065, Australia",4.5,693,Vanessa J,5,"Finally Hectors !
Ordered their beef and pickles toastie. Q was long but moved really fast. Good service from the crew there as well",29/03/2026,1774781227,in the last week,https://www.google.com/maps/contrib/114405918731461727357/reviews,2026-03-30T07:00:21.569688,Positive,0.212
ChIJZ_w0Oupn1moRyYfWpkBnSCA,Hector's Deli,"253 Coventry St, South Melbourne VIC 3205, Australia",4.3,938,Troy Erickson,5,Fantastic toasted sandwiches!,29/03/2026,1774773333,in the last week,https://www.google.com/maps/contrib/105208310389228602546/reviews,2026-03-30T07:00:20.562762,Positive,0.5
ChIJyT_pbABD1moRDAP0Mbql6QI,Hector's Deli,"61 Little Collins St, Melbourne VIC 3000, Australia",4.5,483,Nandhini •,5,"I ordered the salad sandwich (vegan option) in my first visit - a vibrant burst of colours and flavours! The soft and fresh brown bread made it absolutely delicious.

Despite arriving before the lunch rush at 12 pm, I still waited around 15 minutes for my order. For next time, I'll try ordering online with a preferred pick-up time to skip the wait!",28/03/2026,1774694504,in the last week,https://www.google.com/maps/contrib/103225645494455883969/reviews,2026-03-29T07:00:21.238164,Positive,0.31
ChIJyT_pbABD1moRDAP0Mbql6QI,Hector's Deli,"61 Little Collins St, Melbourne VIC 3000, Australia",4.5,482,Bronwyn Le Busque,2,"I ordered the egg cheese and bacon breakfast sandwich and it was basically inedible. For the price you didn't even get a whole egg, it was a small (less than half cm thick) pre made egg patty. It was so sloppy and soggy. Do not recommend
However the sandwiches looked much better and the coffee was fine",28/03/2026,1774656221,in the last week,https://www.google.com/maps/contrib/112728648719206006554/reviews,2026-03-28T13:00:14.487404,Negative,-0.023
ChIJZ_w0Oupn1moRyYfWpkBnSCA,Hector's Deli,"253 Coventry St, South Melbourne VIC 3205, Australia",4.3,937,Lynette Wong,5,"The toasted beef and pickles was so good. The combo with the sauce was even better. Everything that was supposed to melt in your mouth melted? The bread was crispy on the outside and so soft and fluffy inside.

The matcha was pretty decent too. Highly recommend ! The server was very friendly and cheery, and definitely made our day.",28/03/2026,1774627900,in the last week,https://www.google.com/maps/contrib/109635546226723915468/reviews,2026-03-28T07:00:11.903068,Positive,0.264
ChIJyT_pbABD1moRDAP0Mbql6QI,Hector's Deli,"61 Little Collins St, Melbourne VIC 3000, Australia",4.5,481,Saki El Zoobs,5,"On my way to a specialist appointment… I just so happened to take a very intentional detour to Hectors! And OMG, their donuts are on another level  airy, light, and ridiculously yummy. Paired with a piccolo, it was absolutely on point! I’ve been trying to get one for ages (they’re always sold out), and now I know why. I’ve also tried most of their toasties and fresh sandwiches, and they never disappoint. Highly recommend!",26/03/2026,1774498530,in the last week,https://www.google.com/maps/contrib/114004803825638158109/reviews,2026-03-26T16:00:16.518525,Positive,0.224
ChIJyT_pbABD1moRDAP0Mbql6QI,Hector's Deli,"61 Little Collins St, Melbourne VIC 3000, Australia",4.5,481,karla neffgen,5,Very tasty sandwiches and really friendly staff.,26/03/2026,1774496702,in the last week,https://www.google.com/maps/contrib/101158941345951076973/reviews,2026-03-26T16:00:16.519683,Positive,0.287
ChIJtVdgmvhC1moROxwhKPwolNQ,Hector's Deli,"1/94 Buckingham St, Richmond VIC 3121, Australia",4.6,1355,Cruz Vida,5,,26/03/2026,1774486495,in the last week,https://www.google.com/maps/contrib/116740218330004892304/reviews,2026-03-26T13:00:18.417060,Positive,0.0
ChIJtVdgmvhC1moROxwhKPwolNQ,Hector's Deli,"1/94 Buckingham St, Richmond VIC 3121, Australia",4.6,1355,Anita Hasiotis,5,"Amazing sandwiches, very busy place.",26/03/2026,1774486306,in the last week,https://www.google.com/maps/contrib/110963161988868035930/reviews,2026-03-26T13:00:18.417941,Positive,0.365
ChIJZ_w0Oupn1moRyYfWpkBnSCA,Hector's Deli,"253 Coventry St, South Melbourne VIC 3205, Australia",4.3,936,Trinh Huynh,5,SO SO GOOD WORTH THE HYPE DEF come—-backkkkk,25/03/2026,1774395992,in the last week,https://www.google.com/maps/contrib/106438640141251225172/reviews,2026-03-25T13:00:26.590526,Positive,0.5
ChIJZ_w0Oupn1moRyYfWpkBnSCA,Hector's Deli,"253 Coventry St, South Melbourne VIC 3205, Australia",4.3,935,Mel S,5,"A must-have when in Melbourne. Friendly staff, great food. Generous portion and friendly prices.",25/03/2026,1774367687,in the last week,https://www.google.com/maps/contrib/105589194169229352553/reviews,2026-03-25T06:39:09.010982,Positive,0.517
ChIJyT_pbABD1moRDAP0Mbql6QI,Hector's Deli,"61 Little Collins St, Melbourne VIC 3000, Australia",4.5,479,Meyrisca Meyrisca,4,"Mantap bro!!! Gak heran di antri orang terus. Hari ini ikut ngantri juga😃. Setelah pesan, nunggu di luar karena di dalam agak pengap...nunggunya  lumayan lama 15-20 menitan. Di dalam kursinya terbatas, gak seimbang dengan jumlah pengunjungnya🤦‍♀️. Jadi tadi pas pesan bilang take away aja. Lalu kita cari tempat duduk di pinggir jalan dan makan deh...Enakkk!!! Ham nya berlapis lapis dan banyak!...sssrrrppt!",24/03/2026,1774337987,in the last week,https://www.google.com/maps/contrib/112842344923165798734/reviews,2026-03-25T06:39:11.378490,Positive,0.0
ChIJyT_pbABD1moRDAP0Mbql6QI,Hector's Deli,"61 Little Collins St, Melbourne VIC 3000, Australia",4.5,478,Tam Lin,5,Banger of a place! Need to come back to try the rest!,24/03/2026,1774321372,in the last week,https://www.google.com/maps/contrib/110966853206233372689/reviews,2026-03-24T16:41:14.706984,Positive,0.0
ChIJyT_pbABD1moRDAP0Mbql6QI,Hector's Deli,"61 Little Collins St, Melbourne VIC 3000, Australia",4.5,477,Sas V,5,,24/03/2026,1774302215,in the last week,https://www.google.com/maps/contrib/105308070483174554006/reviews,2026-03-24T10:34:40.588121,Positive,0.0
ChIJyT_pbABD1moRDAP0Mbql6QI,Hector's Deli,"61 Little Collins St, Melbourne VIC 3000, Australia",4.5,476,Anna Kimura,5,i haven’t had a single sandwich from here that i didn’t like!! it’s all been so good and makes me want to try the entire menu. pricy for some but makes sense when you get such a fresh and hefty sandwich. great chips if you like shoestring like i do! fried chicken is beautifully cooked; moist and tender - the tarragon butter in it adds amazing flavour. even the side potato salad is incredible and better than any i’ve made - love this place so much 🤍🤍,24/03/2026,1774247691,in the last week,https://www.google.com/maps/contrib/114863815783501977450/reviews,2026-03-24T07:36:36.674104,Positive,0.372
ChIJtVdgmvhC1moROxwhKPwolNQ,Hector's Deli,"1/94 Buckingham St, Richmond VIC 3121, Australia",4.6,1353,Rosie,5,"Have always seen the lines outside hectors deli in south Melbourne and the sandwiches have been all over my Instagram so needed to try one for myself. Had a day off today and of course, visiting hectors was top of the list. Met a friend at the Richmond store which is tucked in a quiet street with limited outdoor seating - maybe 10 seats? And it’s still bustling at 11am. We had the beef and pickles and fried chicken and both were delicious! I wanted to fries but they didn’t have it at this store but the potato salad was tasty. Definitely have unfinished business to make my way to the tuna melt and a few others so I will be back!",23/03/2026,1774237440,in the last week,https://www.google.com/maps/contrib/112105760303324473403/reviews,2026-03-23T16:00:16.840445,Positive,0.07
ChIJZ_w0Oupn1moRyYfWpkBnSCA,Hector's Deli,"253 Coventry St, South Melbourne VIC 3205, Australia",4.3,935,Maximilian Moore,1,After 15 minutes they had completely forgot my order. Overpriced and takes years. Also staff were not great,23/03/2026,1774236270,in the last week,https://www.google.com/maps/contrib/100309691403005202074/reviews,2026-03-23T16:00:16.539390,Negative,-0.15
ChIJtVdgmvhC1moROxwhKPwolNQ,Hector's Deli,"1/94 Buckingham St, Richmond VIC 3121, Australia",4.6,1352,Dan W,5,"My order was called with an in person thank you. No Hector's, thank you.",23/03/2026,1774229004,in the last week,https://www.google.com/maps/contrib/108482717845486645238/reviews,2026-03-23T13:00:18.043300,Positive,0.0
ChIJtVdgmvhC1moROxwhKPwolNQ,Hector's Deli,"1/94 Buckingham St, Richmond VIC 3121, Australia",4.6,1352,jesse honess,5,,23/03/2026,1774228800,in the last week,https://www.google.com/maps/contrib/112677371964382828495/reviews,2026-03-23T13:00:18.044187,Positive,0.0
ChIJtVdgmvhC1moROxwhKPwolNQ,Hector's Deli,"1/94 Buckingham St, Richmond VIC 3121, Australia",4.6,1350,ms m-a,5,Decadent ham & cheese toasty and good coffee. 8 years on and hectors still producing really good coffee - it just seems to take so long... coffee no longer takes too long AND they make pastries now! happy camper.,23/03/2026,1774218450,in the last week,https://www.google.com/maps/contrib/108780627156296781236/reviews,2026-03-23T10:00:24.218991,Positive,0.417
ChIJyT_pbABD1moRDAP0Mbql6QI,Hector's Deli,"61 Little Collins St, Melbourne VIC 3000, Australia",4.5,475,Yumina Jaennie Pasoquen,4,I found the deli sandwiches to be quite average considering the hype and 20+min wait time.,22/03/2026,1774180297,in the last week,https://www.google.com/maps/contrib/105373630468489204198/reviews,2026-03-23T07:00:17.764529,Positive,-0.15
ChIJyT_pbABD1moRDAP0Mbql6QI,Hector's Deli,"61 Little Collins St, Melbourne VIC 3000, Australia",4.5,474,Sahil Jaidka,5,Amazing food,22/03/2026,1774166490,in the last week,https://www.google.com/maps/contrib/101932375485699781424/reviews,2026-03-22T21:59:02.378786,Positive,0.6
ChIJyT_pbABD1moRDAP0Mbql6QI,Hector's Deli,"61 Little Collins St, Melbourne VIC 3000, Australia",4.5,474,Karl Reginald Oquindo (YHWHisKing),1,"Ordered a takeaway and was given a wrong food order… from chicken salad sandwich to something vegan.

Beef and pickles are still a hit.

Just an awful experience of the mix up

Service was okay (not terrible)",22/03/2026,1774146379,in the last week,https://www.google.com/maps/contrib/117187036095213910335/reviews,2026-03-22T16:00:17.890907,Negative,-0.22
ChIJtVdgmvhC1moROxwhKPwolNQ,Hector's Deli,"1/94 Buckingham St, Richmond VIC 3121, Australia",4.6,1350,Tom Long,5,mmm yummy sammich hehe,22/03/2026,1774130431,in the last week,https://www.google.com/maps/contrib/111370217431642262973/reviews,2026-03-22T10:00:12.679360,Positive,0.0
ChIJyT_pbABD1moRDAP0Mbql6QI,Hector's Deli,"61 Little Collins St, Melbourne VIC 3000, Australia",4.5,473,L. Tanner,5,"I'm not sure if it's the beans or the milk but these were some of the best lattes I've had in years, whilst staying in the area for the week. Doughnuts and the huge sandwiches also deserve some praise!",21/03/2026,1774087189,in the last week,https://www.google.com/maps/contrib/109550963191247710006/reviews,2026-03-21T22:19:28.668610,Positive,0.417
ChIJZ_w0Oupn1moRyYfWpkBnSCA,Hector's Deli,"253 Coventry St, South Melbourne VIC 3205, Australia",4.3,934,Khushru Wadia,5,Best Tuna melt ever. Wonderful staff and such a good atmosphere,21/03/2026,1774062954,in the last week,https://www.google.com/maps/contrib/110693229977254342337/reviews,2026-03-21T14:51:18.602084,Positive,0.675
ChIJtVdgmvhC1moROxwhKPwolNQ,Hector's Deli,"1/94 Buckingham St, Richmond VIC 3121, Australia",4.6,1349,Chao Li,5,The food was really delicious and the flavors were just right. It was really crowded though.,21/03/2026,1774053212,in the last week,https://www.google.com/maps/contrib/103002057469714453653/reviews,2026-03-21T12:19:33.600788,Positive,0.495
ChIJtVdgmvhC1moROxwhKPwolNQ,Hector's Deli,"1/94 Buckingham St, Richmond VIC 3121, Australia",4.6,1348,Ranvir Jawanda,5,Yum,20/03/2026,1773987285,in the last week,https://www.google.com/maps/contrib/101115307947046179996/reviews,2026-03-20T18:00:31.302516,Positive,0.0
ChIJyT_pbABD1moRDAP0Mbql6QI,Hector's Deli,"61 Little Collins St, Melbourne VIC 3000, Australia",4.5,473,HONOKA SUZUKI,5,"The hash browns are so delicious!

I went when they were selling muffins in the morning.

The coffee is also delicious, I highly recommend it!!",20/03/2026,1773985828,in the last week,https://www.google.com/maps/contrib/108830452005439073714/reviews,2026-03-20T17:00:23.031389,Positive,0.75
ChIJyT_pbABD1moRDAP0Mbql6QI,Hector's Deli,"61 Little Collins St, Melbourne VIC 3000, Australia",4.5,472,chaeeun lee,1,"A RACIST female staff member in this morning

She gave me the wrong drink size and packed my order for takeaway even though I exactly said dining in. What was most upsetting was seeing her being friendly and smiling at local customers while completely ignoring and being dismissive toward me as an Asian customer.
On a positive note, the lady making the sandwiches in the backside was very kind and professional. However, the blatant bias from the front staff ruined my entire experience. I hope the management takes this seriously.",19/03/2026,1773921250,in the last week,https://www.google.com/maps/contrib/100294791215898363075/reviews,2026-03-20T06:46:50.643403,Negative,0.071
ChIJyT_pbABD1moRDAP0Mbql6QI,Hector's Deli,"61 Little Collins St, Melbourne VIC 3000, Australia",4.5,471,Cyril Saulnier (C-reel),5,"In case of sandwiches emergency... Hector's deli is the only option.
I'm a Tuna Melt's big fan and that one is on my worldwide Top 5!",19/03/2026,1773893855,in the last week,https://www.google.com/maps/contrib/105118060529345302651/reviews,2026-03-19T16:01:37.586800,Positive,0.208
ChIJ02xRi2JD1moRJQh-pBNsBeI,Hector's Deli,"111 Moor St, Fitzroy VIC 3065, Australia",4.5,692,Rebecca Speidel,5,,19/03/2026,1773876593,in the last week,https://www.google.com/maps/contrib/111082558948871728939/reviews,2026-03-19T11:01:29.075601,Positive,0.0
ChIJZ_w0Oupn1moRyYfWpkBnSCA,Hector's Deli,"253 Coventry St, South Melbourne VIC 3205, Australia",4.3,933,Sonay,5,,18/03/2026,1773814645,in the last week,https://www.google.com/maps/contrib/105421809350094750534/reviews,2026-03-18T18:00:13.242419,Positive,0.0
ChIJZ_w0Oupn1moRyYfWpkBnSCA,Hector's Deli,"253 Coventry St, South Melbourne VIC 3205, Australia",4.3,932,Julia,5,"Highly recommend going early, as some flavours tend to run out quickly.

It’s my favourite spot for toasties, and the matcha is great as well.",18/03/2026,1773794162,in the last week,https://www.google.com/maps/contrib/105225618555420494894/reviews,2026-03-18T12:12:45.832754,Positive,0.348
ChIJyT_pbABD1moRDAP0Mbql6QI,Hector's Deli,"61 Little Collins St, Melbourne VIC 3000, Australia",4.5,470,Nita,3,"If you love sandwiches and are the type who would wait for 20-40 minutes to queue amd get your food, yes absolutely.
Firstly, what I like about their sandwich (and I ordered their hot salami) was their bread. Very spongy, bouncy but soft. Will eat that alone with some balsamic vinegar and olive oil. Secondly, the portion is HUGE. Not sure compared to the price, but I was struggling to finish mine.
Unfortunately personally for me, there are more downsides. Since the bread was soaking the juices, the sandwich was super soggy in the 5 minute walk I had to do, and a lot worsened by the end of my meal.
The place is so tiny. Their ordering system, considering that they have been opened for more than a year, something needed to be done with that ordering system. I constantly heard people being told to exit the store too. Well if you are getting called inside (in the first instance), your first instinct is to stay inside. I understand, OH&S, but that does mean there is a problem with the ordering and pick up system.
Their service, well ok, the two ladies who served, not the greatest but to me ok (my colleague who was with me disagreed and thought one of them was so rude to me and her).
I had chips that looked like they were cooked 2 hours before and kept warm the entire time. Flavour, meh ok, not memorable.
My sandwich had a layer of rocket leaves, their sauce which was quite sour and tangy, salamis and the chilli relish. Flavour was ok, would have made it slightly differently myself, but ok regardless.
The day before, another colleague had half of her salad sandwich left which I had. It was also just average, the extreme tangy and sour tone did not make it taste balanced at all. Vegetables were cruchy, especially the beetroot.
Will i go back and try again? Very reluctant, only if there is no line out the door. And I will likely try their mushroom melt as my colleague said that hers was quite good.",18/03/2026,1773778606,in the last week,https://www.google.com/maps/contrib/102636735591329958488/reviews,2026-03-18T08:39:04.527243,Positive,0.167
ChIJyT_pbABD1moRDAP0Mbql6QI,Hector's Deli,"61 Little Collins St, Melbourne VIC 3000, Australia",4.5,470,Khanh Thùy,5,,17/03/2026,1773748505,in the last week,https://www.google.com/maps/contrib/114906433379586755235/reviews,2026-03-18T08:56:52.418635,Positive,0.0
ChIJyT_pbABD1moRDAP0Mbql6QI,Hector's Deli,"61 Little Collins St, Melbourne VIC 3000, Australia",4.5,470,Edmond,5,"My friends and I got the beef and pickles and they were some of the best sandwiches we had- we all agreed. I wish I got photos, but the sandwiches were gone quickly. Nowhere to wash hands which was a bummer, and since seating was limited we took our sandwiches to go. That’s no big deal though but something to be aware of, like to bring wipes.",17/03/2026,1773718365,in the last week,https://www.google.com/maps/contrib/103621202984119933614/reviews,2026-03-18T08:56:52.419831,Positive,0.302
ChIJyT_pbABD1moRDAP0Mbql6QI,Hector's Deli,"61 Little Collins St, Melbourne VIC 3000, Australia",4.5,470,Karen D,5,"Great coffee. Sensational sandwiches.and tasty treats. We shared the HCT with hectic sauce - absolute toasty taste sensation. Maple glazed donut was divine and the almond croissant was so buttery with the right amount of crispy-ness, perfect if you're  a almond croissant fan. We also shared the cinnamon  scroll, this was our least favourite, nice enough but wouldn't buy again.",16/03/2026,1773647611,in the last week,https://www.google.com/maps/contrib/106200697871747823165/reviews,2026-03-18T08:56:52.421374,Positive,0.407
ChIJZ_w0Oupn1moRyYfWpkBnSCA,Hector's Deli,"253 Coventry St, South Melbourne VIC 3205, Australia",4.3,931,Jaz Explores,5,"Hector’s Deli in South Melbourne is one of my favourite sandwich spots and the place where I first discovered the brand a few years ago. Their coffee is excellent, but the real star of the show here is definitely the sandwiches.

My go to order is the beef and pickles and I always add their signature “hectic” sauce. It is seriously elite. The sandwiches are packed with fresh ingredients and always incredibly satisfying.

I also really like their breakfast muffins. They remind me of a much fancier version of a McDonald’s sausage and egg McMuffin, and of course I add the hectic sauce to that as well.

This was also the location where I first tried their original maple glazed donuts, which are so good.

Over the years I have also tried the mushroom melt, tuna melt and the side salad, but the beef and pickles is still my favourite.

Service is always super friendly and efficient. There is a small amount of seating inside and some outdoor seating as well, but these days there is almost always a line of people waiting for takeaway which tells you how popular it has become.

I will be honest, these are not cheap sandwiches. If the idea of spending $15 to $20 on a sandwich makes you uncomfortable then this might not be the place for you. That said, I genuinely think they are worth every dollar and I would highly recommend trying it at least once.

I am also a bit of a sucker for their branding. It manages to feel both minimalist and slightly retro at the same time, and they really nail that balance.

Overall it is a consistently great spot for a seriously good sandwich.",16/03/2026,1773647108,in the last week,https://www.google.com/maps/contrib/105851620100442138465/reviews,2026-03-18T08:56:51.268651,Positive,0.2
ChIJtVdgmvhC1moROxwhKPwolNQ,Hector's Deli,"1/94 Buckingham St, Richmond VIC 3121, Australia",4.6,1347,Paul Calleja,2,Food was fresh however people wouldn't let grandmother sit and were hogging chairs simply because they were chatting. We eventually had to go to local park to sit and eat. Looked like hipster place. Wasn't really acknowledged when they were asking if anyone is waiting on orders. Coffee spritz had a tang to it. Probably wouldn't be back but it was worth the experience.,16/03/2026,1773608698,in the last week,https://www.google.com/maps/contrib/113485597287691769283/reviews,2026-03-18T08:56:51.537756,Negative,0.133
ChIJZ_w0Oupn1moRyYfWpkBnSCA,Hector's Deli,"253 Coventry St, South Melbourne VIC 3205, Australia",4.3,931,Emily,1,"I waited 30 minutes today for just one sandwich. While I was waiting, I saw someone who ordered well after me receive their food first. When I asked staff to check my order, I was told it was “not ready yet.”

When I asked again later, the sandwich bag I was given didn’t even have an order ticket attached and with fries that I never ordered. After that, I heard a staff member call my name again much later.

I don’t think the staff were rude or unprofessional. Of course, the situation could have been handled better but the real problem seems to be staffing. Running such a busy shop on a Sunday at 12pm with so few employees feels unreasonable. The company should schedule more staff.",15/03/2026,1773569078,in the last week,https://www.google.com/maps/contrib/113401752397588380541/reviews,2026-03-18T08:56:51.270079,Negative,0.086
ChIJZ_w0Oupn1moRyYfWpkBnSCA,Hector's Deli,"253 Coventry St, South Melbourne VIC 3205, Australia",4.3,931,Phuong Tran,3,Fried chicken sandwich was nice but a bit salty. My friend and I sat across the food prep area and noticed that the plastic wrapped cucumbers weren’t being washed. Staff were unwrapping and chopping straight into the tuna sandwiches..,15/03/2026,1773561241,in the last week,https://www.google.com/maps/contrib/115905831770561496150/reviews,2026-03-18T08:56:51.270977,Neutral,0.067
ChIJZ_w0Oupn1moRyYfWpkBnSCA,Hector's Deli,"253 Coventry St, South Melbourne VIC 3205, Australia",4.3,929,Vy Hoang,1,"This is no longer the nice place it was at its debut but rather an overhyped instagram sandwich shop , or tourist trap, that has lost interest in the customer.

First I realised that queuing and paying does not guarantee having food to eat. It is busy and will sell out, so it does not need to process all the orders. It will refund you eventually if you are patient enough to wait for it.

I am a local , going to that place from its beginning, and I am really disappointed to what it has become,so I can only imagine what I would feel if I was a tourist on a tight schedule.

I queued to get my order made and waited 1h to get … a refund. My order was lost and the food sold out. Now I understand the concept of mistake, but, to the person at the counter at the end of service:
- when asked to check the status of an order, turning your head to the kitchen and saying “yeah, it’s coming “ is not good enough. You have to track the order. You would have done that before all that hype.
- when after 1h of waiting, offering a refund for the sandwich is not enough. You have to apologise also because you cannot pay back the time that person has spent waiting.

I am a bit heartbroken because it was the kind of place that used to be good before being well known. I would recommend other establishments, which are still humbly doing the job.",15/03/2026,1773551758,in the last week,https://www.google.com/maps/contrib/101251163162998915359/reviews,2026-03-15T16:29:34.554562,Negative,0.032
ChIJtVdgmvhC1moROxwhKPwolNQ,Hector's Deli,"1/94 Buckingham St, Richmond VIC 3121, Australia",4.6,1347,Jeffrey van Vorsselen,5,,15/03/2026,1773548784,in the last week,https://www.google.com/maps/contrib/104832404000421566822/reviews,2026-03-18T08:56:51.538674,Positive,0.0
ChIJyT_pbABD1moRDAP0Mbql6QI,Hector's Deli,"61 Little Collins St, Melbourne VIC 3000, Australia",4.5,470,Francis lorenz,5,Wow,15/03/2026,1773493941,in the last week,https://www.google.com/maps/contrib/116467993616224216764/reviews,2026-03-18T08:56:52.422055,Positive,0.1
ChIJyT_pbABD1moRDAP0Mbql6QI,Hector's Deli,"61 Little Collins St, Melbourne VIC 3000, Australia",4.5,465,Caroline Ma,5,Egg Cheese and Bacon and Hashbrown were OUTRAGEOUSLY good,14/03/2026,1773443704,in the last week,https://www.google.com/maps/contrib/113779297718516655167/reviews,2026-03-14T11:29:33.507152,Positive,0.7
ChIJ02xRi2JD1moRJQh-pBNsBeI,Hector's Deli,"111 Moor St, Fitzroy VIC 3065, Australia",4.5,691,Michelle O'Sullivan,5,2nd time here now at the Fitzroy site. Great sandwiches - have had the rare roast beef and chicken so far. Filling and delicious.,13/03/2026,1773382607,in the last week,https://www.google.com/maps/contrib/101075993687385370002/reviews,2026-03-18T08:56:51.839416,Positive,0.267
ChIJyT_pbABD1moRDAP0Mbql6QI,Hector's Deli,"61 Little Collins St, Melbourne VIC 3000, Australia",4.5,464,Minseong Kim,5,HCT toast is the best!!,13/03/2026,1773375260,in the last week,https://www.google.com/maps/contrib/118058792307407376012/reviews,2026-03-13T15:51:09.932803,Positive,1.0
ChIJyT_pbABD1moRDAP0Mbql6QI,Hector's Deli,"61 Little Collins St, Melbourne VIC 3000, Australia",4.5,463,alex jam gold,5,"Small sandwhich shop, but delivered a huge service. Ordered a sandwhich and it was ready in about 1 minute, everything was fresh and delicious and a reasonable price. Couldnt recommend it enough. 10/10",12/03/2026,1773276622,in the last week,https://www.google.com/maps/contrib/111564664439589432992/reviews,2026-03-12T12:24:26.463610,Positive,0.264
ChIJyT_pbABD1moRDAP0Mbql6QI,Hector's Deli,"61 Little Collins St, Melbourne VIC 3000, Australia",4.5,462,Eduardo Martinez,4,,12/03/2026,1773258757,in the last week,https://www.google.com/maps/contrib/105267395571809680424/reviews,2026-03-12T07:48:28.666772,Positive,0.0
ChIJZ_w0Oupn1moRyYfWpkBnSCA,Hector's Deli,"253 Coventry St, South Melbourne VIC 3205, Australia",4.3,931,Jamal Rawal,5,"Apple turnover, was like an apple pie and custard in a croissant, and not messy to eat

Had a really bad day until I walked past and was in great spirits after I ate that

So good, literally the best sweet I have ever eaten",11/03/2026,1773222682,in the last week,https://www.google.com/maps/contrib/107788498381551705174/reviews,2026-03-18T09:01:37.279679,Positive,0.286
ChIJyT_pbABD1moRDAP0Mbql6QI,Hector's Deli,"61 Little Collins St, Melbourne VIC 3000, Australia",4.5,461,Kearn Thompson,4,"Service was friendly and prompt even though the store was packed with customers..

The sandwiches were amazing.. Quality ingredients and super fresh.

The only disappointment was where is the other half of my fried chicken sandwich?
Otherwise it would have been a 5 star.",10/03/2026,1773109310,in the last week,https://www.google.com/maps/contrib/105393602477832941227/reviews,2026-03-11T16:30:17.731678,Positive,0.013
ChIJZ_w0Oupn1moRyYfWpkBnSCA,Hector's Deli,"253 Coventry St, South Melbourne VIC 3205, Australia",4.3,931,Isabella Pitt,5,"I’m generally pretty sceptical of “instagram popular” spots - but Hector’s did not disappoint. We came on a public holiday and it was really busy, but the service was friendly and fast (we got our order in 10 minutes), and the food was really tasty. The beef and pickles was a standout, and the iced matcha was delicious 🤤",9/03/2026,1773027140,a week ago,https://www.google.com/maps/contrib/106234335552522666648/reviews,2026-03-18T08:56:51.273168,Positive,0.341
ChIJtVdgmvhC1moROxwhKPwolNQ,Hector's Deli,"1/94 Buckingham St, Richmond VIC 3121, Australia",4.6,1347,David Chung,1,"Went on a public holiday. Got charged $10.20 for a donut and they told me it was a public holiday surcharge. Original price was $6.00, go figure. Went back and they gaslit me, maths doesn't add up.",9/03/2026,1773018007,a week ago,https://www.google.com/maps/contrib/105721411598681153283/reviews,2026-03-18T08:56:51.539956,Negative,0.094
ChIJtVdgmvhC1moROxwhKPwolNQ,Hector's Deli,"1/94 Buckingham St, Richmond VIC 3121, Australia",4.6,1347,David C,1,"Went on a public holiday. Got charged $10.20 for a donut and they told me it was a public holiday surcharge. Original price was $6.00, go figure. Went back and they gaslit me, maths doesn't add up.",9/03/2026,1773018007,a week ago,https://www.google.com/maps/contrib/114981040294394391102/reviews,2026-03-18T11:16:36.536559,Negative,0.094
ChIJ02xRi2JD1moRJQh-pBNsBeI,Hector's Deli,"111 Moor St, Fitzroy VIC 3065, Australia",4.5,691,Pete Ft,4,,9/03/2026,1772975014,a week ago,https://www.google.com/maps/contrib/110769733731886126353/reviews,2026-03-18T08:56:51.840238,Positive,0.0
ChIJyT_pbABD1moRDAP0Mbql6QI,Hector's Deli,"61 Little Collins St, Melbourne VIC 3000, Australia",4.5,461,Lauren S,1,"Came all the way up from the Peninsula to try it, got there at 1.30 and they’d already run out of food. Boo, someone needs to prepare better. 👎",8/03/2026,1772969693,in the last week,https://www.google.com/maps/contrib/102344726981216182934/reviews,2026-03-11T16:30:17.731974,Negative,0.5
ChIJZ_w0Oupn1moRyYfWpkBnSCA,Hector's Deli,"253 Coventry St, South Melbourne VIC 3205, Australia",4.4,927,Pooja K,5,,8/03/2026,1772957451,in the last week,https://www.google.com/maps/contrib/100178173346025158727/reviews,2026-03-11T16:30:17.003021,Positive,0.0
ChIJtVdgmvhC1moROxwhKPwolNQ,Hector's Deli,"1/94 Buckingham St, Richmond VIC 3121, Australia",4.6,1347,Pooja K,5,"Loved it ..best fried chicken sandwitch
Very nice hospitality 👌",8/03/2026,1772957327,a week ago,https://www.google.com/maps/contrib/100178173346025158727/reviews,2026-03-18T08:56:51.540901,Positive,0.293
ChIJZ_w0Oupn1moRyYfWpkBnSCA,Hector's Deli,"253 Coventry St, South Melbourne VIC 3205, Australia",4.4,927,Vaishnavi Gawde,1,Very underwhelming sandwich. Waited for an hour to get a very small sandwich which mostly just had mustard and onions.     Overhyped and overpriced. Definitely not worth the wait.,8/03/2026,1772940854,in the last week,https://www.google.com/maps/contrib/115672726194057272009/reviews,2026-03-11T16:30:17.003128,Negative,0.056
ChIJtVdgmvhC1moROxwhKPwolNQ,Hector's Deli,"1/94 Buckingham St, Richmond VIC 3121, Australia",4.6,1347,Sebastian Davies,1,,8/03/2026,1772939316,a week ago,https://www.google.com/maps/contrib/113491447065461714807/reviews,2026-03-18T08:56:51.541763,Negative,0.0
ChIJZ_w0Oupn1moRyYfWpkBnSCA,Hector's Deli,"253 Coventry St, South Melbourne VIC 3205, Australia",4.4,927,melbourne refri,1,"Please avoid the female staff member who takes orders here. I was clearly standing at the front waiting to order, but she deliberately tried to take the order from people behind me first. I had to tell her that I had been waiting before them. When I placed my order, I told her my name was Michael, but she wrote it down as “Michelle.” Because of that, my order never came out and I ended up waiting all day. When I checked, I found that the order had been recorded under “Michelle.” This is clearly discriminatory and unacceptable behavior.",8/03/2026,1772934604,in the last week,https://www.google.com/maps/contrib/113688635466473027684/reviews,2026-03-11T16:30:17.003253,Negative,-0.018
ChIJ02xRi2JD1moRJQh-pBNsBeI,Hector's Deli,"111 Moor St, Fitzroy VIC 3065, Australia",4.5,691,Chris Mikic,1,Don't take cash- ridicolous,8/03/2026,1772925629,a week ago,https://www.google.com/maps/contrib/116123793043295304274/reviews,2026-03-18T08:56:51.841000,Negative,0.0
ChIJZ_w0Oupn1moRyYfWpkBnSCA,Hector's Deli,"253 Coventry St, South Melbourne VIC 3205, Australia",4.4,927,nur alper,1,"I used to really enjoy coming here, but today’s experience was disappointing. When I ordered, I clearly said my name and spelled , but it was written incorrectly. When I politely corrected it, the staff member insisted I had said something else and spoke to me in a rather rude and scolding tone.

I also ordered coffee and a sandwich together, but the coffee came out much earlier while the sandwich took quite a long time. That can happen, but the attitude and lack of friendliness made the experience unpleasant. I hope customer service improves, as I used to really like this place.",8/03/2026,1772924898,in the last week,https://www.google.com/maps/contrib/108067143114216852188/reviews,2026-03-11T16:30:17.003315,Negative,-0.112
ChIJtVdgmvhC1moROxwhKPwolNQ,Hector's Deli,"1/94 Buckingham St, Richmond VIC 3121, Australia",4.6,1345,nur alper,5,"Sorry, this review was meant for another branch. Please disregard it.",8/03/2026,1772924679,in the last week,https://www.google.com/maps/contrib/108067143114216852188/reviews,2026-03-11T16:30:17.255045,Positive,-0.5
ChIJyT_pbABD1moRDAP0Mbql6QI,Hector's Deli,"61 Little Collins St, Melbourne VIC 3000, Australia",4.5,461,Mahak Mithani,3,"overpriced, overrated, under seasoned
got the beef and pickle and even added extra cheese and sauce, as per the waitress recommendation",7/03/2026,1772861058,in the last week,https://www.google.com/maps/contrib/113142544149471463686/reviews,2026-03-11T16:30:17.732666,Neutral,-0.018
ChIJZ_w0Oupn1moRyYfWpkBnSCA,Hector's Deli,"253 Coventry St, South Melbourne VIC 3205, Australia",4.4,928,Nick M,4,"Nice little spot with a great vibe, though it was very busy when we went.

The sandwiches were amazing, especially the bread, which really made them stand out. We ordered a tuna melt and a mushroom melt and both were very tasty with good quality ingredients. Also grabbed a choc chip walnut cookie which was a nice extra treat. A few items were already sold out before 1:30pm, which shows how popular it is.

Only small improvement would be the ordering process, they take names, and when it’s busy it can get a bit confusing with multiple people having the same name. Using order numbers instead (or alongside names) could make things a lot clearer.

Overall, definitely worth the visit.",7/03/2026,1772855917,a week ago,https://www.google.com/maps/contrib/112648707935910736474/reviews,2026-03-14T22:29:32.205608,Positive,0.185
ChIJZ_w0Oupn1moRyYfWpkBnSCA,Hector's Deli,"253 Coventry St, South Melbourne VIC 3205, Australia",4.4,928,Pablo Jagodnik,5,"I recently stopped by Hector's Deli and honestly… it might have ruined all other sandwiches for me.

First of all, the place has that perfect casual Melbourne vibe—busy, a bit chaotic, but in the fun “you know the food is going to be good” kind of way. The smell alone when you walk in should probably be bottled and sold as perfume.

The sandwich itself? Absolutely stacked. Fresh bread, super generous fillings, and everything perfectly balanced. You can tell they care about the ingredients, but they’re not being pretentious about it. It’s just a really, really good sandwich done right.

Service was quick even though it was packed, and the staff were friendly and efficient. You grab your food, find a spot outside, and suddenly life feels pretty good.

My only complaint: I spent the rest of the day thinking about that sandwich and wondering if it would be socially acceptable to go back for another one immediately. (For research purposes, of course.)

If you’re in South Melbourne and like sandwiches—even a little—this place is 100% worth the stop. Just be warned: you may start comparing every future sandwich to Hector’s… and most of them will lose. 🥪",6/03/2026,1772759181,a week ago,https://www.google.com/maps/contrib/114230499543969053515/reviews,2026-03-14T15:29:34.257604,Positive,0.236
ChIJ02xRi2JD1moRJQh-pBNsBeI,Hector's Deli,"111 Moor St, Fitzroy VIC 3065, Australia",4.5,691,Gareth D'Souza,4,Decent chicken burger. Chips were a bit too salty.,6/03/2026,1772754171,a week ago,https://www.google.com/maps/contrib/102200804717198660682/reviews,2026-03-18T08:56:51.841836,Positive,-0.217
ChIJyT_pbABD1moRDAP0Mbql6QI,Hector's Deli,"61 Little Collins St, Melbourne VIC 3000, Australia",4.5,461,Ava Hanmer,1,"So disappointing! Ordered a HCT ham cheese tomato right ? No it’s mortadella (cheap cuts of ham), tiny bit of cheese and tomato relish no real tomato, $17.50 for a fake toastie how does one get this wrong !!!",6/03/2026,1772749418,in the last week,https://www.google.com/maps/contrib/105655075490841047022/reviews,2026-03-11T16:30:17.732937,Negative,-0.112
ChIJZ_w0Oupn1moRyYfWpkBnSCA,Hector's Deli,"253 Coventry St, South Melbourne VIC 3205, Australia",4.4,928,Sudipta Parh,4,Very busy sandwhich tried the beef pickle but i prefer the chicken sandwhich compared to it,5/03/2026,1772692266,a week ago,https://www.google.com/maps/contrib/114240585217264826977/reviews,2026-03-15T06:29:31.119357,Positive,-0.235
ChIJ02xRi2JD1moRJQh-pBNsBeI,Hector's Deli,"111 Moor St, Fitzroy VIC 3065, Australia",4.5,691,Hugh Macfarlane,5,,4/03/2026,1772594381,a week ago,https://www.google.com/maps/contrib/111757406178156185828/reviews,2026-03-18T08:56:51.842450,Positive,0.0
ChIJtVdgmvhC1moROxwhKPwolNQ,Hector's Deli,"1/94 Buckingham St, Richmond VIC 3121, Australia",4.6,1345,Andrew Lopez,1,"Don’t come here not worth the hype or what you hear

Honestly one of the most disappointing food experiences I’ve had in a long time. I ordered the chicken and it was absolutely terrible. It was way too fatty and just dripping with oil. Every bite felt like it had been soaked in grease rather than properly cooked.

The flavor wasn’t any better either. It honestly tasted like someone crushed up a packet of salt and vinegar chips and dumped it on wet chicken. Just overpowering, weird, and completely unpleasant.

Then there was the almond croissant. That thing was a disaster. The top was rock hard like it had been sitting out all day, and the inside was cold. Not even slightly warm just cold and stale.

For a place that gets so much hype, this was a massive letdown. Definitely not worth the money or the reputation people give it.",4/03/2026,1772586410,a week ago,https://www.google.com/maps/contrib/107850680853894717220/reviews,2026-03-11T16:30:17.255281,Negative,-0.128
ChIJ02xRi2JD1moRJQh-pBNsBeI,Hector's Deli,"111 Moor St, Fitzroy VIC 3065, Australia",4.5,690,Carmen Macdonald,5,,3/03/2026,1772494180,a week ago,https://www.google.com/maps/contrib/109488503265012281764/reviews,2026-03-13T07:38:20.108900,Positive,0.0
ChIJtVdgmvhC1moROxwhKPwolNQ,Hector's Deli,"1/94 Buckingham St, Richmond VIC 3121, Australia",4.6,1345,katrina morton,2,"Overpriced for a fried chicken roll that wasn’t very nice and lacked flavour. Had fries on the sign out front to be told that store doesn’t do fries. Potato salad was nice but very small portion.
Service was good.",2/03/2026,1772418400,a week ago,https://www.google.com/maps/contrib/105468976488992091493/reviews,2026-03-13T07:38:18.268849,Negative,0.231
ChIJ02xRi2JD1moRJQh-pBNsBeI,Hector's Deli,"111 Moor St, Fitzroy VIC 3065, Australia",4.5,690,Cristian Calderon,5,Legit spot. Get there asap,1/03/2026,1772331830,a week ago,https://www.google.com/maps/contrib/101988786216888782765/reviews,2026-03-13T07:38:20.109494,Positive,0.0
ChIJtVdgmvhC1moROxwhKPwolNQ,Hector's Deli,"1/94 Buckingham St, Richmond VIC 3121, Australia",4.6,1345,James Manu,4,5 star lady serving. Salami sandwich amazing. Pork shoulder and rare beef was average unfortunately.,28/02/2026,1772249614,a week ago,https://www.google.com/maps/contrib/117099228825037809610/reviews,2026-03-13T14:37:19.825692,Positive,0.063
ChIJ02xRi2JD1moRJQh-pBNsBeI,Hector's Deli,"111 Moor St, Fitzroy VIC 3065, Australia",4.5,690,D T,1,"Don’t waste your time. Waited in line for a long time. Only to get to the checkout before 1pm and they were completely sold out of most their sandwiches other than some mushrooms ones.
Lots of people behind me in line also missed out",28/02/2026,1772245250,a week ago,https://www.google.com/maps/contrib/112591837735082842663/reviews,2026-03-11T16:30:17.988046,Negative,-0.025
ChIJZ_w0Oupn1moRyYfWpkBnSCA,Hector's Deli,"253 Coventry St, South Melbourne VIC 3205, Australia",4.4,928,Melissa Gugliara,1,"Your advertising in store shows delicious pics of toasties. However, the cheese is extra $$ and other condiments seen in the pic are extra. How do you justify this?
Show the picture as it is, true to order at base value.
Is it even worth the price you charge?
I used to like Hector's Deli for quality and value, but this does not seem to be the case anymore.
You're able to open up another store bcos of the profits you are making from overcharging for things. It's really not fair.",27/02/2026,1772178283,2 weeks ago,https://www.google.com/maps/contrib/117369256781463270876/reviews,2026-03-14T17:29:34.445132,Negative,0.088
ChIJtVdgmvhC1moROxwhKPwolNQ,Hector's Deli,"1/94 Buckingham St, Richmond VIC 3121, Australia",4.6,1345,Bela Magalhães,5,This mushroom melted sandwich is to die for!,26/02/2026,1772055624,2 weeks ago,https://www.google.com/maps/contrib/107517158618727954301/reviews,2026-03-15T03:29:34.470696,Positive,0.0
ChIJtVdgmvhC1moROxwhKPwolNQ,Hector's Deli,"1/94 Buckingham St, Richmond VIC 3121, Australia",4.6,1345,Sugiono Setiawan,5,,25/02/2026,1771986476,2 weeks ago,https://www.google.com/maps/contrib/100784945692432515730/reviews,2026-03-14T12:29:34.628609,Positive,0.0
ChIJk6x1KsRd1moRVm9PGDgSzNc,Hector's Deli (Normanby Chambers),"430 Little Collins St, Melbourne VIC 3000, Australia",4.5,122,The little traveller,5,Great food as always make sure you go before 12 or after 2. It can get very busy.,2026-08-18,1787044233,in the last week,https://www.google.com/maps/contrib/100112086680803149982/reviews,2026-08-18T20:18:20.288005,Positive,0.477
ChIJk6x1KsRd1moRVm9PGDgSzNc,Hector's Deli (Normanby Chambers),"430 Little Collins St, Melbourne VIC 3000, Australia",4.5,121,Buzz Bee,5,,2026-08-17,1786931572,in the last week,https://www.google.com/maps/contrib/108563005710277835621/reviews,2026-08-17T16:18:34.014933,Positive,0.0
ChIJk6x1KsRd1moRVm9PGDgSzNc,Hector's Deli (Normanby Chambers),"430 Little Collins St, Melbourne VIC 3000, Australia",4.5,120,Tina Cunningham,4,Great sandwiches and a must for anyone  visiting Melbourne! We had the fried chicken and beef and pickle.,2026-08-16,1786881780,in the last week,https://www.google.com/maps/contrib/103723339463943395180/reviews,2026-08-17T04:18:24.257773,Positive,0.2
ChIJk6x1KsRd1moRVm9PGDgSzNc,Hector's Deli (Normanby Chambers),"430 Little Collins St, Melbourne VIC 3000, Australia",4.5,119,E. Sharaf,5,The chicken buffalo was really good. The chicken was juice and not dry. And they are very generous with the fries. One order of fries can feed five people. Seating space is very minimal. Expect to eat while standing,2026-08-15,1786772320,in the last week,https://www.google.com/maps/contrib/112891175963177678985/reviews,2026-08-15T16:18:22.684894,Positive,-0.066
ChIJk6x1KsRd1moRVm9PGDgSzNc,Hector's Deli (Normanby Chambers),"430 Little Collins St, Melbourne VIC 3000, Australia",4.5,118,Cynthia Alicia,4,"Definitely recommends getting the beef and pickles deli; absolutely delicious! Didn’t regret our choice, tuna was decent too but beef & pickles has got to be top choice. Coffee’s great too.",2026-08-15,1786719262,in the last week,https://www.google.com/maps/contrib/112100959770135193903/reviews,2026-08-15T04:18:21.355160,Positive,0.493
ChIJk6x1KsRd1moRVm9PGDgSzNc,Hector's Deli (Normanby Chambers),"430 Little Collins St, Melbourne VIC 3000, Australia",4.5,117,곤곤,5,"I came here after hearing good things about it, and it's crowded.

They have the friendliest and brightest-faced staff in Melbourne.

I am enjoying the cool winter with a large flat white, along with a shoulder sandwich and a salad sandwich.",2026-08-11,1786418926,in the last week,https://www.google.com/maps/contrib/113420661528393513013/reviews,2026-08-11T16:18:19.085465,Positive,0.29
ChIJk6x1KsRd1moRVm9PGDgSzNc,Hector's Deli (Normanby Chambers),"430 Little Collins St, Melbourne VIC 3000, Australia",4.5,116,Joel McLachlan,5,Amazing sandwiches and sweet. Bit pricey but worth it! Very small space. Good for takeaway but hard to find a seat.,2026-08-10,1786343553,in the last week,https://www.google.com/maps/contrib/112691820641909560090/reviews,2026-08-10T20:18:25.684070,Positive,0.235
ChIJk6x1KsRd1moRVm9PGDgSzNc,Hector's Deli (Normanby Chambers),"430 Little Collins St, Melbourne VIC 3000, Australia",4.5,115,Gaby,5,"We came here for a quick lunch today and we’re glad we did! It’s definitely worth the wait and the queue goes v quick. Luckily we found a table, but be prepared to take out!
I got the ham cheese and tomato, deffo recommend 😛",2026-08-09,1786278734,in the last week,https://www.google.com/maps/contrib/100189860351711984106/reviews,2026-08-10T04:18:22.227364,Positive,0.402
ChIJk6x1KsRd1moRVm9PGDgSzNc,Hector's Deli (Normanby Chambers),"430 Little Collins St, Melbourne VIC 3000, Australia",4.5,114,Picko,5,"Crazy busy, but so worth it. The place absolutely pumps. Staff were friendly, helpful, and handle the pace very well.

Food next level. Has the mushroom melt. The hectic sauce is gold, the magic. Flavours are multi level, bread crunchy, cheese just right - perfectly balanced

Don’t be put off when you arrive with all the people, walk on in and experience next level food!!",2026-08-08,1786174083,in the last week,https://www.google.com/maps/contrib/110151990081995550355/reviews,2026-08-08T20:18:21.452988,Positive,0.215
ChIJk6x1KsRd1moRVm9PGDgSzNc,Hector's Deli (Normanby Chambers),"430 Little Collins St, Melbourne VIC 3000, Australia",4.5,114,J S,1,Got quite sick and this is all I ate. Avoid the tuna.,2026-08-06,1786011404,in the last week,https://www.google.com/maps/contrib/106590919218339246633/reviews,2026-08-07T04:18:22.347107,Negative,-0.714
ChIJk6x1KsRd1moRVm9PGDgSzNc,Hector's Deli (Normanby Chambers),"430 Little Collins St, Melbourne VIC 3000, Australia",4.5,113,Mia Peatling,5,Loved Hector’s. I had an amazing beef and pickle sandwich. It was very busy but only waited a total for 4 minutes for my order. Will be coming back!,2026-08-04,1785845683,in the last week,https://www.google.com/maps/contrib/102685777328321344203/reviews,2026-08-05T04:18:24.183296,Positive,0.238
ChIJk6x1KsRd1moRVm9PGDgSzNc,Hector's Deli (Normanby Chambers),"430 Little Collins St, Melbourne VIC 3000, Australia",4.5,112,Peng Lee,4,,2026-08-02,1785624565,in the last week,https://www.google.com/maps/contrib/117482609854747446442/reviews,2026-08-02T12:18:21.515028,Positive,0.0
ChIJk6x1KsRd1moRVm9PGDgSzNc,Hector's Deli (Normanby Chambers),"430 Little Collins St, Melbourne VIC 3000, Australia",4.5,111,Ken Baker,5,Perfection.,2026-07-29,1785307634,in the last week,https://www.google.com/maps/contrib/103837926457717734421/reviews,2026-07-29T20:18:20.657778,Positive,0.0
ChIJk6x1KsRd1moRVm9PGDgSzNc,Hector's Deli (Normanby Chambers),"430 Little Collins St, Melbourne VIC 3000, Australia",4.5,110,"Maranan, Juan Carlos",5,"Place was so good, I had to go twice during my trip to Melbourne.

Breakfast muffin/sandwich and hash brown is absolutely insane.

Sandwiches are pure flavor, 100% culinary experience.

The donuts and pastries complement the meals very well.

Hector’s is absolutely a must-visit here in Melbourne.",2026-07-29,1785299421,in the last week,https://www.google.com/maps/contrib/106588780188938218890/reviews,2026-07-29T16:18:33.396845,Positive,0.052
ChIJk6x1KsRd1moRVm9PGDgSzNc,Hector's Deli (Normanby Chambers),"430 Little Collins St, Melbourne VIC 3000, Australia",4.5,109,Ryan Benton,5,"Come here the first time today , delicious toasty , pickle and beef and cheese toasty . Awesome food bit expensive but forgot about the price when eating it 10/10",2026-07-25,1784978036,in the last week,https://www.google.com/maps/contrib/110560290021939440066/reviews,2026-07-26T04:18:27.212344,Positive,0.438
ChIJk6x1KsRd1moRVm9PGDgSzNc,Hector's Deli (Normanby Chambers),"430 Little Collins St, Melbourne VIC 3000, Australia",4.5,108,Paul Bullock,5,"First time ordering and will be coming back.
Was a pretty tasty sammich.",2026-07-24,1784897180,in the last week,https://www.google.com/maps/contrib/103093823225604326426/reviews,2026-07-25T04:18:23.038331,Positive,0.167
ChIJk6x1KsRd1moRVm9PGDgSzNc,Hector's Deli (Normanby Chambers),"430 Little Collins St, Melbourne VIC 3000, Australia",4.5,107,Megan J,5,,2026-07-21,1784593375,in the last week,https://www.google.com/maps/contrib/102668681407820264622/reviews,2026-07-21T16:18:44.929075,Positive,0.0
ChIJk6x1KsRd1moRVm9PGDgSzNc,Hector's Deli (Normanby Chambers),"430 Little Collins St, Melbourne VIC 3000, Australia",4.5,106,Josh Sacco,5,Amazing sangas! Fries were cooked and salted to perfection as well. Wish I could've gotten a donut for the waddle home 👌🏼,2026-07-19,1784434288,in the last week,https://www.google.com/maps/contrib/112615766309058662329/reviews,2026-07-19T16:18:29.595570,Positive,0.75
ChIJk6x1KsRd1moRVm9PGDgSzNc,Hector's Deli (Normanby Chambers),"430 Little Collins St, Melbourne VIC 3000, Australia",4.5,105,Iris,5,You could not find a more perfect tuna melt if you tried! Visiting from interstate and gave this a try and will come back everyday!,2026-07-19,1784394036,in the last week,https://www.google.com/maps/contrib/117797899851058567549/reviews,2026-07-19T04:18:19.411846,Positive,0.312
ChIJk6x1KsRd1moRVm9PGDgSzNc,Hector's Deli (Normanby Chambers),"430 Little Collins St, Melbourne VIC 3000, Australia",4.5,104,JUN FONG NG,5,Donuts are definitely a must!,2026-07-11,1783720387,in the last week,https://www.google.com/maps/contrib/106994509009035578837/reviews,2026-07-11T08:18:39.383098,Positive,0.0
ChIJk6x1KsRd1moRVm9PGDgSzNc,Hector's Deli (Normanby Chambers),"430 Little Collins St, Melbourne VIC 3000, Australia",4.5,103,Alex,1,Was too busy too eat inside. So I got take away one I came to eat it there was a hair on my food,2026-07-05,1783223814,in the last week,https://www.google.com/maps/contrib/111209599120725861378/reviews,2026-07-05T16:18:34.369463,Negative,0.1
ChIJk6x1KsRd1moRVm9PGDgSzNc,Hector's Deli (Normanby Chambers),"430 Little Collins St, Melbourne VIC 3000, Australia",4.5,102,Aims,3,The sandwich was quite average. I was actually really excited to try this place but it just didn’t live up to the hype for me. It was hard to eat and there was a small amount of sauce so it was a bit dry. The seating is limited and quite uncomfortable - I’m not sure if there is more seating outdoors as it was raining when we came.,2026-07-02,1782966154,in the last week,https://www.google.com/maps/contrib/109910188397744413599/reviews,2026-07-02T16:18:29.202744,Neutral,-0.057
ChIJk6x1KsRd1moRVm9PGDgSzNc,Hector's Deli (Normanby Chambers),"430 Little Collins St, Melbourne VIC 3000, Australia",4.5,101,Beck Chang,5,"Efficient service, delicious and generous portions！",2026-07-01,1782905289,in the last week,https://www.google.com/maps/contrib/105374262165391880443/reviews,2026-07-02T04:18:26.187886,Positive,1.0
ChIJk6x1KsRd1moRVm9PGDgSzNc,Hector's Deli (Normanby Chambers),"430 Little Collins St, Melbourne VIC 3000, Australia",4.5,100,Lau Chaves,5,Fresh and tasty. I really recommended. The staff was very attentive and helpful.,2026-07-01,1782880548,in the last week,https://www.google.com/maps/contrib/107872446997378417019/reviews,2026-07-01T16:18:19.548270,Positive,0.34
ChIJk6x1KsRd1moRVm9PGDgSzNc,Hector's Deli (Normanby Chambers),"430 Little Collins St, Melbourne VIC 3000, Australia",4.5,100,andrea cardenas,5,Delicious and fresh food. Excellent service.,2026-07-01,1782880470,in the last week,https://www.google.com/maps/contrib/108108821186328827279/reviews,2026-07-01T16:18:19.548731,Positive,0.767
ChIJk6x1KsRd1moRVm9PGDgSzNc,Hector's Deli (Normanby Chambers),"430 Little Collins St, Melbourne VIC 3000, Australia",4.5,98,Phan,5,The pan au chocolate is delicious! I love their atmosphere at the store.,2026-06-30,1782753767,in the last week,https://www.google.com/maps/contrib/106894756098538355573/reviews,2026-06-30T04:18:27.603616,Positive,0.75
ChIJk6x1KsRd1moRVm9PGDgSzNc,Hector's Deli (Normanby Chambers),"430 Little Collins St, Melbourne VIC 3000, Australia",4.5,97,Barry,5,"Came here in the early morning and ordered the pork shoulder sandwich, glazed donut and a flat white. Started off with the glazed donut and it was soft and pillowy with just the right amount of sweetness which paired well with the coffee. Then I had the pork shoulder sandwich which had pickled fennel, Calabrian chilli paste and kale pesto. The bread had a pleasant chew to it and a nice crust covered in toasted sesame seeds. Pork shoulder was thinly sliced so the meat was very tender and the sandwich was packed with flavour from the creamy kale pesto, refreshing pickled fennel and a gentle heat from the chilli paste. It was fresh and tasty but could be a little bit more generous with the amount of meat. Also tried the fried chicken a few days later which is available from 11am and you can choose between thigh or breast piece. I went with the breast piece and it was very tender and also quite big. It is served with a herby tarragon butter, crisp iceberg lettuce and tangy pickle mayo on a steamed milk bun which was very soft and spongy; very tasty.",2026-06-27,1782548724,in the last week,https://www.google.com/maps/contrib/116559618334907517520/reviews,2026-06-27T19:18:21.229625,Positive,0.143
ChIJk6x1KsRd1moRVm9PGDgSzNc,Hector's Deli (Normanby Chambers),"430 Little Collins St, Melbourne VIC 3000, Australia",4.5,96,Ravishan Fernando,5,Tried the Beef and Signature sandwiches. Both were delicious! Their fries were great and well seasoned. Not much room sit down so it's good for a quick meal or takeaway. Sandwiches are a bit pricey but worth I think,2026-06-26,1782457754,in the last week,https://www.google.com/maps/contrib/101647616793001218253/reviews,2026-06-26T19:18:27.275202,Positive,0.391
ChIJk6x1KsRd1moRVm9PGDgSzNc,Hector's Deli (Normanby Chambers),"430 Little Collins St, Melbourne VIC 3000, Australia",4.5,95,Nancy,5,"Beef & Pickles add Hectic Sauce add cheese, it was so yummy!! Highly recommended!! The service also very friendly.",2026-06-26,1782430222,in the last week,https://www.google.com/maps/contrib/116233714768755416943/reviews,2026-06-26T10:19:01.197882,Positive,0.369
ChIJk6x1KsRd1moRVm9PGDgSzNc,Hector's Deli (Normanby Chambers),"430 Little Collins St, Melbourne VIC 3000, Australia",4.5,94,Lachlan Orr,4,,24/06/2026,1782268391,in the last week,https://www.google.com/maps/contrib/111237276556600192873/reviews,2026-06-24T13:18:34.352969,Positive,0.0
ChIJk6x1KsRd1moRVm9PGDgSzNc,Hector's Deli (Normanby Chambers),"430 Little Collins St, Melbourne VIC 3000, Australia",4.5,93,Mark Then,5,The best location out of all Hectors - Fabi is so lovely,24/06/2026,1782259642,in the last week,https://www.google.com/maps/contrib/112165872642879522178/reviews,2026-06-24T10:18:22.650450,Positive,0.75
ChIJk6x1KsRd1moRVm9PGDgSzNc,Hector's Deli (Normanby Chambers),"430 Little Collins St, Melbourne VIC 3000, Australia",4.5,92,Andrew Heaps,5,Fantastic Beef & Pickles sandwich with Hectic sauce and the Glazed Donut is excellent too.,23/06/2026,1782188542,in the last week,https://www.google.com/maps/contrib/107325888892175370565/reviews,2026-06-23T16:18:21.398639,Positive,0.7
ChIJk6x1KsRd1moRVm9PGDgSzNc,Hector's Deli (Normanby Chambers),"430 Little Collins St, Melbourne VIC 3000, Australia",4.5,91,Macshaobao 86,5,"Amazing toast.

Recommended.",20/06/2026,1781933685,in the last week,https://www.google.com/maps/contrib/111742759620702582482/reviews,2026-06-20T16:01:15.348437,Positive,0.6
ChIJk6x1KsRd1moRVm9PGDgSzNc,Hector's Deli (Normanby Chambers),"430 Little Collins St, Melbourne VIC 3000, Australia",4.5,90,Ben M. Walker,5,"I come here almost everyday. The sandwiches are always good, the crew are super friendly, especially Fabiola.",16/06/2026,1781581592,in the last week,https://www.google.com/maps/contrib/118221061838233587408/reviews,2026-06-16T16:01:14.552092,Positive,0.242
ChIJk6x1KsRd1moRVm9PGDgSzNc,Hector's Deli (Normanby Chambers),"430 Little Collins St, Melbourne VIC 3000, Australia",4.5,89,Nathan Ricaud,5,"I’ve been going to this Hector’s since it opened and have loved the service and staff here! Special shout out to Fabi as she’s always been so sweet and always has great energy! Also love Charlie there - he’s always been so accomodating and friendly too! The vibes overall are very pleasant here :)

Also really stoked to see the online ordering means you can order a Hector’s sauce or ranch on the side too! I would usually order breakfast in person because I can’t get Hector’s sauce on the side, but happy that’s no longer the case :)",16/06/2026,1781561225,in the last week,https://www.google.com/maps/contrib/109561414102839306960/reviews,2026-06-16T12:01:08.879923,Positive,0.485
ChIJk6x1KsRd1moRVm9PGDgSzNc,Hector's Deli (Normanby Chambers),"430 Little Collins St, Melbourne VIC 3000, Australia",4.5,89,Jake Norris,5,Best morning coffee and sandwich spot ! Great service Fabi is awesome!,16/06/2026,1781556214,in the last week,https://www.google.com/maps/contrib/104106891648147911456/reviews,2026-06-16T12:01:08.880913,Positive,0.933
ChIJk6x1KsRd1moRVm9PGDgSzNc,Hector's Deli (Normanby Chambers),"430 Little Collins St, Melbourne VIC 3000, Australia",4.5,87,MCHULA,5,"Wow! Delicious and a happening little place, glad I got here before lunch time. Place is packed but orders are taken and fulfilled very quickly.",15/06/2026,1781490598,in the last week,https://www.google.com/maps/contrib/100634394140790175310/reviews,2026-06-15T16:01:02.310540,Positive,0.374
ChIJk6x1KsRd1moRVm9PGDgSzNc,Hector's Deli (Normanby Chambers),"430 Little Collins St, Melbourne VIC 3000, Australia",4.5,86,Pat Simon,5,"Matcha, hash browns, muffin all awesome, great service always couldn’t recommend higher!",12/06/2026,1781272769,in the last week,https://www.google.com/maps/contrib/105845515190861771062/reviews,2026-06-13T12:40:51.957248,Positive,0.704
ChIJk6x1KsRd1moRVm9PGDgSzNc,Hector's Deli (Normanby Chambers),"430 Little Collins St, Melbourne VIC 3000, Australia",4.5,85,Natasha Mitchell,5,,31/05/2026,1780211702,in the last week,https://www.google.com/maps/contrib/112445701294250885838/reviews,2026-05-31T20:00:28.157959,Positive,0.0
ChIJk6x1KsRd1moRVm9PGDgSzNc,Hector's Deli (Normanby Chambers),"430 Little Collins St, Melbourne VIC 3000, Australia",4.5,84,Fionnuala Healy,5,This was SO good Soooooooooo gooooood,31/05/2026,1780151504,in the last week,https://www.google.com/maps/contrib/111261780960689385312/reviews,2026-05-31T08:00:22.407852,Positive,0.7
ChIJk6x1KsRd1moRVm9PGDgSzNc,Hector's Deli (Normanby Chambers),"430 Little Collins St, Melbourne VIC 3000, Australia",4.5,84,Luca Buono,5,Yum cuz,30/05/2026,1780139978,in the last week,https://www.google.com/maps/contrib/100284598694589917032/reviews,2026-05-31T08:00:22.408615,Positive,0.0
ChIJk6x1KsRd1moRVm9PGDgSzNc,Hector's Deli (Normanby Chambers),"430 Little Collins St, Melbourne VIC 3000, Australia",4.5,84,Aaron Davis,5,A quality sandwich! Great energy and the friendliest staff in the city. Will be coming back soon!,30/05/2026,1780139905,in the last week,https://www.google.com/maps/contrib/117351446007313629397/reviews,2026-05-31T08:00:22.409516,Positive,0.4
ChIJk6x1KsRd1moRVm9PGDgSzNc,Hector's Deli (Normanby Chambers),"430 Little Collins St, Melbourne VIC 3000, Australia",4.4,81,Jenny Wilson,5,"Sandwich was delicious, Charlie’s service was fantastic!!",30/05/2026,1780135109,in the last week,https://www.google.com/maps/contrib/108067147787915196823/reviews,2026-05-30T20:00:18.905035,Positive,0.812
ChIJk6x1KsRd1moRVm9PGDgSzNc,Hector's Deli (Normanby Chambers),"430 Little Collins St, Melbourne VIC 3000, Australia",4.4,81,Monique L,5,Best sandwich spot and awesome coffee! Charlie is the best,30/05/2026,1780135092,in the last week,https://www.google.com/maps/contrib/106066319560342821100/reviews,2026-05-30T20:00:18.905851,Positive,1.0
ChIJk6x1KsRd1moRVm9PGDgSzNc,Hector's Deli (Normanby Chambers),"430 Little Collins St, Melbourne VIC 3000, Australia",4.4,81,Lili Stammers,5,"Love this place, Charlie is goat",30/05/2026,1780134903,in the last week,https://www.google.com/maps/contrib/115963917789476990544/reviews,2026-05-30T20:00:18.906594,Positive,0.5
ChIJk6x1KsRd1moRVm9PGDgSzNc,Hector's Deli (Normanby Chambers),"430 Little Collins St, Melbourne VIC 3000, Australia",4.4,81,Kamala Schroeder,5,,30/05/2026,1780134900,in the last week,https://www.google.com/maps/contrib/115110627239860241682/reviews,2026-05-30T20:00:18.907246,Positive,0.0
ChIJk6x1KsRd1moRVm9PGDgSzNc,Hector's Deli (Normanby Chambers),"430 Little Collins St, Melbourne VIC 3000, Australia",4.4,77,Ila,5,"Get the pork shoulder sandwich. Well balanced, fresh and just hits the spot",24/05/2026,1779598586,in the last week,https://www.google.com/maps/contrib/110453079079793578911/reviews,2026-05-24T16:00:16.190988,Positive,0.3
ChIJk6x1KsRd1moRVm9PGDgSzNc,Hector's Deli (Normanby Chambers),"430 Little Collins St, Melbourne VIC 3000, Australia",4.4,76,Luiz Fernando Scapini,5,"Phenomenal Toasties!
We just went for brunch and coffee at Hector’s Deli, and what a fantastic spot! We ordered the mushroom melt, and it was hands down the best toastie I have ever had. The combination of flavors and textures was absolutely perfect. The coffee was great too, making it the ideal brunch experience. I’ll definitely be going back to try the rest of the menu! Highly recommend.",23/05/2026,1779510751,in the last week,https://www.google.com/maps/contrib/101862750820219170597/reviews,2026-05-23T16:00:28.461573,Positive,0.483
ChIJk6x1KsRd1moRVm9PGDgSzNc,Hector's Deli (Normanby Chambers),"430 Little Collins St, Melbourne VIC 3000, Australia",4.4,75,Jennessa Ban,4,,21/05/2026,1779326061,in the last week,https://www.google.com/maps/contrib/117952882676851855390/reviews,2026-05-21T12:00:43.161495,Positive,0.0
ChIJk6x1KsRd1moRVm9PGDgSzNc,Hector's Deli (Normanby Chambers),"430 Little Collins St, Melbourne VIC 3000, Australia",4.4,75,jen,4,,21/05/2026,1779326061,in the last week,https://www.google.com/maps/contrib/110488631101627478524/reviews,2026-05-21T16:00:27.274534,Positive,0.0
ChIJk6x1KsRd1moRVm9PGDgSzNc,Hector's Deli (Normanby Chambers),"430 Little Collins St, Melbourne VIC 3000, Australia",4.4,75,garnet Kur,5,"Before leaving Melbourne, I came back again.

This time I ordered the signature beef and kimchi toast.

With the special sauce and cheese, it cost 17.5 + 2 + 2.

It was really delicious! The sauce was very unique.

It was a very memorable flavor, and a very large portion.

I ate half at lunch and half at dinner.

Even cold, it was still delicious! 🤣

This flavor is really special, I love it!

P.S. The Taiwanese staff were very welcoming, I'm so grateful.

Thank you for giving me such wonderful memories! 👍

————- My first meal in Australia.

Everything was so confusing for me, including the menu, which kept me bewildered for a long time.

Luckily, a Taiwanese person helped me! Haha.

I highly recommend the beef and pickles with sauce and cheese.

This is the most popular combination, but the sauce and cheese are extra.

I also ordered the fried chicken burger. The chicken was very tender and delicious.

AUD 17.5 (NT$400), a rather expensive meal.

But the overall seasoning was very rich and flavorful. Plus, it had mayonnaise, which I don't like.

Next time I'll remember to remove the sauce 🤣

Next time I'd like to try the most popular combo~",21/05/2026,1779324300,in the last week,https://www.google.com/maps/contrib/110067501136191790841/reviews,2026-05-21T12:00:43.164310,Positive,0.225
ChIJk6x1KsRd1moRVm9PGDgSzNc,Hector's Deli (Normanby Chambers),"430 Little Collins St, Melbourne VIC 3000, Australia",4.4,74,Liam W,5,Visited Hector’s for an impromptu lunch on the weekend. I tried the rare beef sandwich because I heard it was their most popular - it definitely didn’t disappoint. I was hoping for maybe a touch more beef on the sandwich but it was still delicious. Seating is at a premium but there is standing room available too!,16/05/2026,1778895157,in the last week,https://www.google.com/maps/contrib/115671146797141646644/reviews,2026-05-18T08:05:58.488607,Positive,0.486
ChIJk6x1KsRd1moRVm9PGDgSzNc,Hector's Deli (Normanby Chambers),"430 Little Collins St, Melbourne VIC 3000, Australia",4.4,74,Cl,4,"The place is quite small, with only around four seats available when I visited, and I didn’t notice any outdoor seating either. The sandwiches tasted good, but the portions were fairly small and a bit overpriced at $17. While the food was enjoyable, I personally didn’t feel it lived up to the hype.",14/05/2026,1778761089,in the last week,https://www.google.com/maps/contrib/107875800224067863764/reviews,2026-05-18T08:05:58.489480,Positive,0.157
ChIJk6x1KsRd1moRVm9PGDgSzNc,Hector's Deli (Normanby Chambers),"430 Little Collins St, Melbourne VIC 3000, Australia",4.4,72,Fahima Ahmad,5,Never fails to impress,13/05/2026,1778644609,in the last week,https://www.google.com/maps/contrib/100064030481964213626/reviews,2026-05-13T16:00:17.898494,Positive,0.25
ChIJk6x1KsRd1moRVm9PGDgSzNc,Hector's Deli (Normanby Chambers),"430 Little Collins St, Melbourne VIC 3000, Australia",4.4,71,Jon Wheeler,2,"I had the fried chicken (see picture) and fries at 11:45 today. The smallest bun and cheapest cheese slice covering the most saltiest chicken I’ve ever had. It was like chewing sea water. The fries were also bathed in way too much salt. I like my salt, but this was horrid. No pleasant and ended in the bin. Disappointing.",12/05/2026,1778551584,in the last week,https://www.google.com/maps/contrib/108562085084679371908/reviews,2026-05-12T16:00:15.572253,Negative,-0.244
ChIJk6x1KsRd1moRVm9PGDgSzNc,Hector's Deli (Normanby Chambers),"430 Little Collins St, Melbourne VIC 3000, Australia",4.4,70,Joyce Gan,5,Very nice sandwich and good service! Highly recommended especially this branch,9/05/2026,1778296889,in the last week,https://www.google.com/maps/contrib/101594193217476688571/reviews,2026-05-09T16:00:15.584245,Positive,0.454
ChIJk6x1KsRd1moRVm9PGDgSzNc,Hector's Deli (Normanby Chambers),"430 Little Collins St, Melbourne VIC 3000, Australia",4.4,69,Priscilla Moscatt,4,,9/05/2026,1778269829,in the last week,https://www.google.com/maps/contrib/111863524635293372178/reviews,2026-05-09T08:00:17.851682,Positive,0.0
ChIJk6x1KsRd1moRVm9PGDgSzNc,Hector's Deli (Normanby Chambers),"430 Little Collins St, Melbourne VIC 3000, Australia",4.4,68,Wlsfldms,5,"First time trying toastie in Australia and it was heavenly. We ordered beef pickle, mushroom and honey salami, and I personally loves honey salami the best !
The matcha latte was a bit tasteless tho.
Would definitely come back for their toasties!",7/05/2026,1778146796,in the last week,https://www.google.com/maps/contrib/114678505019203015635/reviews,2026-05-07T20:00:15.519144,Positive,0.108
ChIJk6x1KsRd1moRVm9PGDgSzNc,Hector's Deli (Normanby Chambers),"430 Little Collins St, Melbourne VIC 3000, Australia",4.4,67,Bethy,5,"Certainly worth the hype, found this second Hector's joint in the CBD, less crowded and we even found a place to sit, the sandwiches are just as good",6/05/2026,1778044481,in the last week,https://www.google.com/maps/contrib/109237298059576814363/reviews,2026-05-06T16:00:16.099782,Positive,0.208
ChIJk6x1KsRd1moRVm9PGDgSzNc,Hector's Deli (Normanby Chambers),"430 Little Collins St, Melbourne VIC 3000, Australia",4.4,66,Jazz shi,3,"I ordered a mushroom sandwich, a beef burger, and a matcha drink. The mushroom sandwich toast was very crispy, and the sauce was sweet and sour, flavorful and not too greasy, though slightly burnt. It's suitable for vegetarians. The beef burger bun was very chewy and filling, but the sauce was a bit sparse. The matcha drink wasn't too sweet and lacked aroma. There aren't many seats indoors, so takeout is more suitable.",2/05/2026,1777691027,in the last week,https://www.google.com/maps/contrib/102208591061374482372/reviews,2026-05-02T16:00:19.328344,Positive,0.288
ChIJk6x1KsRd1moRVm9PGDgSzNc,Hector's Deli (Normanby Chambers),"430 Little Collins St, Melbourne VIC 3000, Australia",4.4,65,garnet Kur,4,"來澳洲吃的第一餐
對我來說一切很混亂 包含菜單讓我困擾好久
好險有一位台灣人幫助我～ 啊哈哈
最推薦 beef＆pickles 加醬加起司
這是最人氣的組合 但醬跟起司另外加價

而我點了炸雞排漢堡 雞排很嫩很好吃
AUD17.5 台幣400 貴桑桑的一餐
但整體調味很厚重 加上有我不喜歡的美乃滋
下次我會記得去除醬料🤣

下次會想買買看最人氣的組合～",2/05/2026,1777644706,in the last week,https://www.google.com/maps/contrib/110067501136191790841/reviews,2026-05-02T08:00:19.860922,Positive,0.0
ChIJk6x1KsRd1moRVm9PGDgSzNc,Hector's Deli (Normanby Chambers),"430 Little Collins St, Melbourne VIC 3000, Australia",4.4,64,Jesse Corigliano,5,,29/04/2026,1777386892,in the last week,https://www.google.com/maps/contrib/103145598920642269493/reviews,2026-04-29T08:00:18.929762,Positive,0.0
ChIJk6x1KsRd1moRVm9PGDgSzNc,Hector's Deli (Normanby Chambers),"430 Little Collins St, Melbourne VIC 3000, Australia",4.4,63,sunjay malik,4,First sanga from this wildy popular joint. Got the very popular beef and pickles with sauce and cheese. Perhaps should have skipped either the cheese or sauce cause it was just too rich and creamy for my taste and overpowered the pastrami. Also $2 for cheese!! And another $2 for the sauce!! Over $20 for a sanga..signs of times we are living in sadly 😔,21/04/2026,1776739866,in the last week,https://www.google.com/maps/contrib/105993803370297018591/reviews,2026-04-21T16:00:22.259234,Positive,0.409
ChIJk6x1KsRd1moRVm9PGDgSzNc,Hector's Deli (Normanby Chambers),"430 Little Collins St, Melbourne VIC 3000, Australia",4.4,62,Tommaso Lorenzetti,5,,19/04/2026,1776599636,in the last week,https://www.google.com/maps/contrib/113840024761494132712/reviews,2026-04-20T08:00:19.369258,Positive,0.0
ChIJk6x1KsRd1moRVm9PGDgSzNc,Hector's Deli (Normanby Chambers),"430 Little Collins St, Melbourne VIC 3000, Australia",4.4,61,selcuk erol,2,"Was excited to see this place open near my office, but unfortunately it didn’t live up to expectations. The coffee was below average, and the beef & pickle sandwich was quite disappointing in both taste and quality. The quality clearly isn’t consistent across locations.",14/04/2026,1776124963,in the last week,https://www.google.com/maps/contrib/100059673696443040257/reviews,2026-04-14T12:00:43.244146,Negative,-0.032
ChIJk6x1KsRd1moRVm9PGDgSzNc,Hector's Deli (Normanby Chambers),"430 Little Collins St, Melbourne VIC 3000, Australia",4.5,60,James W,5,Loved the donuts,9/04/2026,1775717877,in the last week,https://www.google.com/maps/contrib/109666858246647372945/reviews,2026-04-09T20:00:20.078916,Positive,0.7
ChIJk6x1KsRd1moRVm9PGDgSzNc,Hector's Deli (Normanby Chambers),"430 Little Collins St, Melbourne VIC 3000, Australia",4.4,59,Joshua Sulit,4,,7/04/2026,1775527418,in the last week,https://www.google.com/maps/contrib/101116551673276750716/reviews,2026-04-07T16:00:27.914190,Positive,0.0
ChIJk6x1KsRd1moRVm9PGDgSzNc,Hector's Deli (Normanby Chambers),"430 Little Collins St, Melbourne VIC 3000, Australia",4.4,58,Nathan Rodrigues,4,Food was amazing but had to wait a long time,5/04/2026,1775341277,in the last week,https://www.google.com/maps/contrib/112146590390896255759/reviews,2026-04-05T12:00:28.167585,Positive,0.275
ChIJk6x1KsRd1moRVm9PGDgSzNc,Hector's Deli (Normanby Chambers),"430 Little Collins St, Melbourne VIC 3000, Australia",4.5,57,Raeleen Redzuan,2,"Service and attitude not on par with South Melbourne, where I've regularly gone for years now and Little Collins St (near Parliament) branches. Went in on a public holiday, fruit flies (plural) on pastries, lackadaisical attitude by two members of staff about the flies and flat tone at service counter. I didn't feel compelled to continue my order and left. Even the vibe felt like a city McD's compared to the way the other two branches are run. It's near to me but I doubt I'll return.",4/04/2026,1775286873,in the last week,https://www.google.com/maps/contrib/116296478820382940785/reviews,2026-04-04T21:00:18.296727,Negative,-0.017
ChIJk6x1KsRd1moRVm9PGDgSzNc,Hector's Deli (Normanby Chambers),"430 Little Collins St, Melbourne VIC 3000, Australia",4.5,56,Nick Watson,1,"Do not go, very overpriced for what you get and not worth any waiting time. The fillings are minimal and the flavour combinations abysmal. If the sandwich cost $5 I’d still be cautious about this place. Customer service is very good though",2/04/2026,1775104188,in the last week,https://www.google.com/maps/contrib/103209586628322200333/reviews,2026-04-02T16:00:16.892053,Negative,0.215
ChIJk6x1KsRd1moRVm9PGDgSzNc,Hector's Deli (Normanby Chambers),"430 Little Collins St, Melbourne VIC 3000, Australia",4.6,55,Vanessa See,3,"Don’t particularly get the hype around the beef and pickle sandwich - i got it with hector’s sauce and cheese. All I could taste was salty beef and sweet/sour pickles… i couldn’t taste any sauce or the cheese. Coffee was alright, a little bitter. Donut was okay too. There were crumbs everywhere on the seats and table, and the seats sank in when sat on - did not give off amazing vibes thanks to this.",2/04/2026,1775049373,in the last week,https://www.google.com/maps/contrib/109334880149125745863/reviews,2026-04-02T07:00:27.243943,Positive,0.197
ChIJk6x1KsRd1moRVm9PGDgSzNc,Hector's Deli (Normanby Chambers),"430 Little Collins St, Melbourne VIC 3000, Australia",4.6,54,Noff Barbera,5,,31/03/2026,1774879657,in the last week,https://www.google.com/maps/contrib/108685410540753357733/reviews,2026-03-31T07:00:19.448610,Positive,0.0
ChIJk6x1KsRd1moRVm9PGDgSzNc,Hector's Deli (Normanby Chambers),"430 Little Collins St, Melbourne VIC 3000, Australia",4.6,53,Mcqalam X,5,Amazing! I was so suped when this Hector's confirmed they are halal friendly by cooking the meat separately! Hope halal conscious customers will support them! And the rare beef sandwich was deeeeeeelish!,27/03/2026,1774568371,in the last week,https://www.google.com/maps/contrib/103939980790580997130/reviews,2026-03-27T13:00:41.933880,Positive,0.424
ChIJk6x1KsRd1moRVm9PGDgSzNc,Hector's Deli (Normanby Chambers),"430 Little Collins St, Melbourne VIC 3000, Australia",4.6,52,HONOKA SUZUKI,5,"The hash browns were delicious!

The coffee is also delicious and highly recommended.

I went during the time when they serve muffins in the morning!

There's a long line, but the turnover is quick.",21/03/2026,1774084428,in the last week,https://www.google.com/maps/contrib/108830452005439073714/reviews,2026-03-21T22:19:27.932052,Positive,0.497
ChIJk6x1KsRd1moRVm9PGDgSzNc,Hector's Deli (Normanby Chambers),"430 Little Collins St, Melbourne VIC 3000, Australia",4.6,51,Nathan Conway,5,"One of the best sandwiches and fries ive had

Great spot and worth the wait",21/03/2026,1774061209,in the last week,https://www.google.com/maps/contrib/112338571487026276146/reviews,2026-03-21T14:51:19.605750,Positive,0.7
ChIJk6x1KsRd1moRVm9PGDgSzNc,Hector's Deli (Normanby Chambers),"430 Little Collins St, Melbourne VIC 3000, Australia",4.6,50,Lekadia Ladzik,4,,20/03/2026,1773947115,in the last week,https://www.google.com/maps/contrib/108075034178114627034/reviews,2026-03-20T06:46:49.941254,Positive,0.0
ChIJk6x1KsRd1moRVm9PGDgSzNc,Hector's Deli (Normanby Chambers),"430 Little Collins St, Melbourne VIC 3000, Australia",4.6,49,Jerry Gibs,3,"Got the Tuna Melt.

Taste 3.5/5 - Nothing too stand out, but still enjoyable.
Serving Size 3.5/5 - Definitely ‘mid’ size as far as a toasty goes. For bread size and filling.
Value 2.9/5 - This is a $14 toasty, not $17.5.",16/03/2026,1773624803,in the last week,https://www.google.com/maps/contrib/106448837852164957263/reviews,2026-03-18T08:56:52.145805,Positive,0.2
ChIJk6x1KsRd1moRVm9PGDgSzNc,Hector's Deli (Normanby Chambers),"430 Little Collins St, Melbourne VIC 3000, Australia",4.6,49,Shannon Luciano,1,How does a menu show 17.5 for a sandwich and $6 coffee end up to a total of $27? Was it the sauces the cashier recommended without mentioning it was priced an extra $3.5? Sandwich is overhyped and hardly any seating. Not recommended,13/03/2026,1773365703,in the last week,https://www.google.com/maps/contrib/104327048725527824176/reviews,2026-03-18T08:56:52.147248,Negative,-0.097
ChIJk6x1KsRd1moRVm9PGDgSzNc,Hector's Deli (Normanby Chambers),"430 Little Collins St, Melbourne VIC 3000, Australia",4.6,49,Julz,5,Beef pickles with Hectors sauce was very nice. Too bad the hash brown sold out before we order,8/03/2026,1772953497,a week ago,https://www.google.com/maps/contrib/112543938657445003185/reviews,2026-03-18T08:56:52.148327,Positive,0.04
ChIJk6x1KsRd1moRVm9PGDgSzNc,Hector's Deli (Normanby Chambers),"430 Little Collins St, Melbourne VIC 3000, Australia",4.6,49,Rick Milovanovic,5,,27/02/2026,1772161206,2 weeks ago,https://www.google.com/maps/contrib/109156001548533980041/reviews,2026-03-18T08:56:52.149121,Positive,0.0
ChIJk6x1KsRd1moRVm9PGDgSzNc,Hector's Deli (Normanby Chambers),"430 Little Collins St, Melbourne VIC 3000, Australia",4.6,49,Sarah K,5,,24/02/2026,1771907517,3 weeks ago,https://www.google.com/maps/contrib/118110508541520415846/reviews,2026-03-18T08:56:52.149906,Positive,0.0
ChIJk6x1KsRd1moRVm9PGDgSzNc,Hector's Deli (Normanby Chambers),"430 Little Collins St, Melbourne VIC 3000, Australia",4.7,47,Rachel de Sousa,5,Absolutley awesome staff- so attentive and warm! Best food and coffee in town.,10/02/2026,1770713374,4 weeks ago,https://www.google.com/maps/contrib/101933002315853600700/reviews,2026-03-11T16:30:17.490484,Positive,0.787
ChIJk6x1KsRd1moRVm9PGDgSzNc,Hector's Deli (Normanby Chambers),"430 Little Collins St, Melbourne VIC 3000, Australia",4.7,47,Mitchell Jarrett,5,"Was yum, fast coffee and fresh sandwiches.",10/02/2026,1770713333,4 weeks ago,https://www.google.com/maps/contrib/108037706227186817653/reviews,2026-03-11T16:30:17.490715,Positive,0.25
ChIJqdHsOp9D1moRtBJ17g-tCVY,Hector's Kiosk,"350 Bourke St, Melbourne VIC 3000, Australia",4.3,39,Paulina Castellanos,4,,2026-08-13,1786598921,in the last week,https://www.google.com/maps/contrib/114998800236716731232/reviews,2026-08-13T20:18:35.045273,Positive,0.0
ChIJqdHsOp9D1moRtBJ17g-tCVY,Hector's Kiosk,"350 Bourke St, Melbourne VIC 3000, Australia",4.4,38,Lauren,5,"The maple glaze donut might be one of the best things I've ever put in my mouth. The young lady working was also a doll, great spot in the heart of CBD! 💖💖",2026-07-30,1785389363,in the last week,https://www.google.com/maps/contrib/115348761581512603383/reviews,2026-07-30T16:18:24.188265,Positive,0.7
ChIJqdHsOp9D1moRtBJ17g-tCVY,Hector's Kiosk,"350 Bourke St, Melbourne VIC 3000, Australia",4.3,39,P B,1,Hector’s do something with your customer feedback. Look at the reviews. 8am open time. No stock on multiple occasions. Staff queried for an ETA - nothing. No attempt to contact anyone. No care at all for serving your customer. What an absolutely atrocious operation supporting a good quality product. Sort it out - do better.,2026-07-30,1785363775,a week ago,https://www.google.com/maps/contrib/102970606598620126012/reviews,2026-08-06T12:18:44.722695,Negative,0.125
ChIJqdHsOp9D1moRtBJ17g-tCVY,Hector's Kiosk,"350 Bourke St, Melbourne VIC 3000, Australia",4.4,37,Gena star,5,"Fresh pastries, delicious donuts, and friendly service. Everything we tried was fresh and flavorful, especially the almond croissant and cinnamon bun. Great spot for a quick takeaway. Highly recommend! 🍩🥐 #genastar",2026-07-29,1785330167,in the last week,https://www.google.com/maps/contrib/115727359021187937479/reviews,2026-07-30T04:18:49.417054,Positive,0.414
ChIJqdHsOp9D1moRtBJ17g-tCVY,Hector's Kiosk,"350 Bourke St, Melbourne VIC 3000, Australia",4.4,36,B L,5,the Donuts tastes amazing and especially that one tall staff with the blonde tips highlight. His service was amazing and it really made my day. would definitely be coming back for more becuase of how amazing the donuts tasted and how good his service were.,2026-07-28,1785231275,in the last week,https://www.google.com/maps/contrib/105647408979224484763/reviews,2026-07-28T20:18:29.111003,Positive,0.32
ChIJqdHsOp9D1moRtBJ17g-tCVY,Hector's Kiosk,"350 Bourke St, Melbourne VIC 3000, Australia",4.4,35,Philippa R,5,,2026-07-15,1784084569,in the last week,https://www.google.com/maps/contrib/117176765235531161454/reviews,2026-07-15T20:18:41.996080,Positive,0.0
ChIJqdHsOp9D1moRtBJ17g-tCVY,Hector's Kiosk,"350 Bourke St, Melbourne VIC 3000, Australia",4.4,34,Jonathan Sikalos,5,,2026-06-27,1782527278,in the last week,https://www.google.com/maps/contrib/110748218893838442470/reviews,2026-06-27T13:18:38.723481,Positive,0.0
ChIJqdHsOp9D1moRtBJ17g-tCVY,Hector's Kiosk,"350 Bourke St, Melbourne VIC 3000, Australia",4.3,33,Aims,4,"The apple fritter was so good!! Crispy and sweet, definitely worth trying!!",2026-06-26,1782438525,in the last week,https://www.google.com/maps/contrib/109910188397744413599/reviews,2026-06-26T13:18:43.906737,Positive,0.606
ChIJqdHsOp9D1moRtBJ17g-tCVY,Hector's Kiosk,"350 Bourke St, Melbourne VIC 3000, Australia",4.3,32,Kenny Robertson,5,"Honestly, I just bought the apple fritter and the strawberry milkshake donut. They were 10/10. Well done.",20/06/2026,1781916737,in the last week,https://www.google.com/maps/contrib/105652183379891403447/reviews,2026-06-20T12:01:50.348860,Positive,0.6
ChIJqdHsOp9D1moRtBJ17g-tCVY,Hector's Kiosk,"350 Bourke St, Melbourne VIC 3000, Australia",4.3,31,Claire Brooks,5,Had the apple fritter OMG so good. Vendor was so nice.,17/06/2026,1781695671,in the last week,https://www.google.com/maps/contrib/107501393219543427917/reviews,2026-06-18T12:01:27.622078,Positive,0.65
ChIJqdHsOp9D1moRtBJ17g-tCVY,Hector's Kiosk,"350 Bourke St, Melbourne VIC 3000, Australia",4.3,30,Felicia Limantara,5,Loveee the maple doughnut ❤️,16/06/2026,1781559810,in the last week,https://www.google.com/maps/contrib/108948929864920027442/reviews,2026-06-16T12:01:29.683475,Positive,0.0
ChIJqdHsOp9D1moRtBJ17g-tCVY,Hector's Kiosk,"350 Bourke St, Melbourne VIC 3000, Australia",4.3,29,Fahad Hussain,5,"Tried the donut, really good",14/06/2026,1781407042,in the last week,https://www.google.com/maps/contrib/118385293888753486247/reviews,2026-06-14T16:01:36.212812,Positive,0.7
ChIJqdHsOp9D1moRtBJ17g-tCVY,Hector's Kiosk,"350 Bourke St, Melbourne VIC 3000, Australia",4.3,29,Grant Show,1,"The team just don’t care. Handing trash and food simultaneously, storing aprons in the bin drawer, and zero interest in customer service. Cool.",14/06/2026,1781403305,in the last week,https://www.google.com/maps/contrib/103772650161668088064/reviews,2026-06-14T16:01:36.213818,Negative,0.35
ChIJqdHsOp9D1moRtBJ17g-tCVY,Hector's Kiosk,"350 Bourke St, Melbourne VIC 3000, Australia",4.4,27,Renuka Maharaj,5,This is the best donut here everyone should try.,6/06/2026,1780711432,in the last week,https://www.google.com/maps/contrib/116542983083222569439/reviews,2026-06-06T20:00:57.119397,Positive,1.0
ChIJqdHsOp9D1moRtBJ17g-tCVY,Hector's Kiosk,"350 Bourke St, Melbourne VIC 3000, Australia",4.3,26,Bethany Schoer,5,I visited here on the way back to work after a conference and it was perfectly situated for a sweet treat to break up the day.  The maple donuts are one of my favourite treats in a highly competitive environment like Melbourne.,5/06/2026,1780628762,in the last week,https://www.google.com/maps/contrib/113422017896474993838/reviews,2026-06-05T16:00:21.855851,Positive,0.378
ChIJqdHsOp9D1moRtBJ17g-tCVY,Hector's Kiosk,"350 Bourke St, Melbourne VIC 3000, Australia",4.3,25,Ryan Annett,5,Naughty and delicious,31/05/2026,1780203241,in the last week,https://www.google.com/maps/contrib/112034589910417879603/reviews,2026-05-31T16:00:46.935320,Positive,0.425
ChIJqdHsOp9D1moRtBJ17g-tCVY,Hector's Kiosk,"350 Bourke St, Melbourne VIC 3000, Australia",4.3,24,Ann T,4,,31/05/2026,1780189477,in the last week,https://www.google.com/maps/contrib/106676317003975543893/reviews,2026-05-31T12:00:22.514735,Positive,0.0
ChIJqdHsOp9D1moRtBJ17g-tCVY,Hector's Kiosk,"350 Bourke St, Melbourne VIC 3000, Australia",4.3,23,I T (I.T),5,"Today it was my first time buying something from ‘Hector Kiosk’ in bourke st. Melb
I must say the 2 young men were absolutely amazing.
Well done customer service was on point
Great work ⭐️⭐️⭐️⭐️⭐️",30/05/2026,1780120315,in the last week,https://www.google.com/maps/contrib/115337395706190051002/reviews,2026-05-30T16:00:23.022074,Positive,0.438
ChIJqdHsOp9D1moRtBJ17g-tCVY,Hector's Kiosk,"350 Bourke St, Melbourne VIC 3000, Australia",4.3,22,Januar Rianto,4,,28/05/2026,1779956369,in the last week,https://www.google.com/maps/contrib/107654745981248516405/reviews,2026-05-28T20:00:21.899287,Positive,0.0
ChIJqdHsOp9D1moRtBJ17g-tCVY,Hector's Kiosk,"350 Bourke St, Melbourne VIC 3000, Australia",4.3,21,Nicole Zacharias,5,My first time having a Hector's donut this morning. I don't ordinarily have donuts for breakfast but decided to treat myself. I had the maple glazed. It was DELICIOUS!! I can't wait to try the other flavours,22/05/2026,1779448434,in the last week,https://www.google.com/maps/contrib/103402135670279534997/reviews,2026-05-23T08:00:26.906431,Positive,0.219
ChIJqdHsOp9D1moRtBJ17g-tCVY,Hector's Kiosk,"350 Bourke St, Melbourne VIC 3000, Australia",4.3,20,ANKUR GANDHI,1,"I visited Hector's Deli & Donuts three times this week between 7:45 am and 8:00 am, and each visit was disappointing for a different reason.
Monday: Donuts were in stock and displayed, but the EFTPOS machine was down. They don’t even accept cash, so I couldn’t buy anything.
Thursday: EFTPOS was working, but there was no stock available.
Friday: Stock had arrived and EFTPOS may have been working, but the store refused to sell as it wasn’t “ready.” Staff were slowly cleaning instead.
I make a special trip from Southern Cross Station before work, so this experience has been frustrating and a waste of time.
The way this place operates is unreliable and poorly organised. Unfortunately, I won’t be visiting again.",25/04/2026,1777078884,in the last week,https://www.google.com/maps/contrib/113327821148948324621/reviews,2026-04-25T12:00:47.390364,Negative,-0.123
ChIJqdHsOp9D1moRtBJ17g-tCVY,Hector's Kiosk,"350 Bourke St, Melbourne VIC 3000, Australia",4.4,19,Khairul Chalid,5,,23/04/2026,1776947712,in the last week,https://www.google.com/maps/contrib/117732139521021420887/reviews,2026-04-24T08:00:20.069786,Positive,0.0
ChIJqdHsOp9D1moRtBJ17g-tCVY,Hector's Kiosk,"350 Bourke St, Melbourne VIC 3000, Australia",4.4,18,M D,5,,23/04/2026,1776910161,in the last week,https://www.google.com/maps/contrib/105321384442617117125/reviews,2026-04-23T16:00:27.327725,Positive,0.0
ChIJqdHsOp9D1moRtBJ17g-tCVY,Hector's Kiosk,"350 Bourke St, Melbourne VIC 3000, Australia",4.4,17,J J,5,My favourite doughnut ❤️❤️❤️❤️,20/04/2026,1776653609,in the last week,https://www.google.com/maps/contrib/105281059853516092252/reviews,2026-04-20T16:00:24.909264,Positive,0.0
ChIJqdHsOp9D1moRtBJ17g-tCVY,Hector's Kiosk,"350 Bourke St, Melbourne VIC 3000, Australia",4.3,16,Geek In Da Kitchen,1,"🍩 STREWTH! A Tragedy in One Act at Hector’s Kiosk

​Rating: ⭐ (and that’s being bloody generous)

​Listen, I’m not one to winge, but I reckon I’ve had more productive chats with a telegraph pole than the experience I just had at Hector’s. I rolled up with a hunger that could’ve tackled a literal horse, dreaming of those jam-filled pillows of joy.
​Instead? Total carnage.

​The ""Selection"" (Or Lack Thereof)
​I walk up, eyes peeled for a pink-iced beauty or maybe a bit of cinnamon sugar. What do I find? The shelves were emptier than a stadium after a losing grand final.

They lack a sign stating that they are card only and refuse to take cash and a rude attitude towards better service at 7/11",25/03/2026,1774434073,in the last week,https://www.google.com/maps/contrib/111417254708365555828/reviews,2026-03-26T07:00:20.154042,Negative,0.133
ChIJqdHsOp9D1moRtBJ17g-tCVY,Hector's Kiosk,"350 Bourke St, Melbourne VIC 3000, Australia",4.5,15,Bertin Huynh,1,Too bad the staff are lazy and don’t open on time,20/03/2026,1773982663,in the last week,https://www.google.com/maps/contrib/101856285300760402271/reviews,2026-03-20T16:00:29.019072,Negative,-0.317
ChIJqdHsOp9D1moRtBJ17g-tCVY,Hector's Kiosk,"350 Bourke St, Melbourne VIC 3000, Australia",4.8,14,Tony Wenz,3,Pop up on the street. Corner of Elizabeth & Bourke Streets. Card only. I hear there is only 500 donuts a day. Right under the Bell tower. And you can get a coffee from the corner.,16/03/2026,1773621652,in the last week,https://www.google.com/maps/contrib/116513447957723067530/reviews,2026-03-18T08:56:53.064185,Neutral,0.095
ChIJqdHsOp9D1moRtBJ17g-tCVY,Hector's Kiosk,"350 Bourke St, Melbourne VIC 3000, Australia",4.3,16,Tony Wenz-Au001,3,Pop up on the street. Corner of Elizabeth & Bourke Streets. Card only. I hear there is only 500 donuts a day. Right under the Bell tower. And you can get a coffee from the corner.,16/03/2026,1773621652,4 weeks ago,https://www.google.com/maps/contrib/116513447957723067530/reviews,2026-04-13T20:00:23.022369,Neutral,0.095
ChIJqdHsOp9D1moRtBJ17g-tCVY,Hector's Kiosk,"350 Bourke St, Melbourne VIC 3000, Australia",4.8,14,lee jia zhe,5,"Underrated donuts I would say. Got the strawberry, maple glaze and cinnamon and every donut is on point. Would definitely return.",11/03/2026,1773189580,in the last week,https://www.google.com/maps/contrib/101345970835822085693/reviews,2026-03-18T08:56:53.065336,Positive,0.0
ChIJqdHsOp9D1moRtBJ17g-tCVY,Hector's Kiosk,"350 Bourke St, Melbourne VIC 3000, Australia",4.8,14,Jaz Explores,5,"I was surprised to see a Hector’s Deli kiosk pop up on Bourke Street right outside the H&M store this week. I absolutely love their other locations in Little Collins, South Melbourne and the bigger one in Richmond with all the pastries, so I had to stop when I spotted it.

Even though it was only 10am I could not resist grabbing a maple glazed donut and it did not disappoint. So good.

This kiosk seems to focus just on pastries rather than the sandwiches they are known for, which makes it more of a quick grab and go stop. The pastries looked great and everything felt very on brand for Hector’s.

My only suggestion would be to offer some kind of coffee option as well. Even something simple like canned iced lattes would be perfect because I definitely would have grabbed one with the donut.

Still a great little addition to the CBD and a dangerous discovery for anyone who already loves Hector’s like I do.",9/03/2026,1773049340,a week ago,https://www.google.com/maps/contrib/105851620100442138465/reviews,2026-03-18T08:56:53.067457,Positive,0.225
ChIJqdHsOp9D1moRtBJ17g-tCVY,Hector's Kiosk,"350 Bourke St, Melbourne VIC 3000, Australia",4.8,14,Rick Milovanovic,5,Best donuts in Melbourne,27/02/2026,1772161190,2 weeks ago,https://www.google.com/maps/contrib/109156001548533980041/reviews,2026-03-18T08:56:53.068271,Positive,1.0
ChIJqdHsOp9D1moRtBJ17g-tCVY,Hector's Kiosk,"350 Bourke St, Melbourne VIC 3000, Australia",4.8,14,Vi Vi,5,Love it,23/02/2026,1771796554,3 weeks ago,https://www.google.com/maps/contrib/100456630891507603475/reviews,2026-03-18T08:56:53.069091,Positive,0.5
ChIJqdHsOp9D1moRtBJ17g-tCVY,Hector's Kiosk,"350 Bourke St, Melbourne VIC 3000, Australia",4.9,13,Denyz Khouri,5,"Came from Sydney for a little holiday, their donuts are so good! Took a dozen home that’s how good they are!",14/02/2026,1771030807,4 weeks ago,https://www.google.com/maps/contrib/117306368381047607386/reviews,2026-03-15T15:29:33.999038,Positive,0.521
ChIJqdHsOp9D1moRtBJ17g-tCVY,Hector's Kiosk,"350 Bourke St, Melbourne VIC 3000, Australia",4.9,13,Yos William,5,"Donuts are not too sweet so they are dangerously good!

The strawberry milkshake and the maple glaze ones are my favourites.",31/01/2026,1769853761,a month ago,https://www.google.com/maps/contrib/102264887046025930750/reviews,2026-03-13T12:11:23.537291,Positive,0.613
ChIJZ_N3WQBD1moRAv4QI3QbxL8,Hector’s Deli (open this May),"323 Lygon St, Carlton VIC 3053, Australia",5.0,5,Xavier,5,,12/05/2026,1778544442,in the last week,https://www.google.com/maps/contrib/110258171565956438604/reviews,2026-05-12T12:00:09.442788,Positive,0.0
ChIJZ_N3WQBD1moRAv4QI3QbxL8,Hector’s Deli (open this May),"323 Lygon St, Carlton VIC 3053, Australia",5.0,4,Hao Yang,5,"Beautiful interior, great sandwiches (in house baked breads), best coffees (house roasted blends), addictive sweets (again freshly baked daily at Hector's bakery)

Hectors just keep outdoing themselves!",11/05/2026,1778494681,in the last week,https://www.google.com/maps/contrib/116105472270175408603/reviews,2026-05-12T08:00:22.716770,Positive,0.492
ChIJZ_N3WQBD1moRAv4QI3QbxL8,Hector’s Deli (open this May),"323 Lygon St, Carlton VIC 3053, Australia",5.0,4,Hao Yang,5,"Beautiful interior, great sandwiches (on house baked breads), best coffees (house roasted blends), addictive sweets (again freshly baked daily at Hector's bakery)

Hectors just keep outdoing themselves!",11/05/2026,1778476956,in the last week,https://www.google.com/maps/contrib/116105472270175408603/reviews,2026-05-11T16:00:18.312620,Positive,0.492
ChIJZ_N3WQBD1moRAv4QI3QbxL8,Hector’s Deli (open this May),"323 Lygon St, Carlton VIC 3053, Australia",5.0,3,James Merrett,5,,8/05/2026,1778212803,in the last week,https://www.google.com/maps/contrib/116282236870459373681/reviews,2026-05-08T16:00:17.981108,Positive,0.0
ChIJZ_N3WQBD1moRAv4QI3QbxL8,Hector’s Deli (open this May),"323 Lygon St, Carlton VIC 3053, Australia",5.0,2,Imogen Ryan,5,,6/05/2026,1778067502,in the last week,https://www.google.com/maps/contrib/117897485087284838015/reviews,2026-05-07T08:00:19.859234,Positive,0.0
ChIJZ_N3WQBD1moRAv4QI3QbxL8,Hector’s Deli (open this May),"323 Lygon St, Carlton VIC 3053, Australia",5.0,1,Joseph Farrell,5,,6/05/2026,1778015695,in the last week,https://www.google.com/maps/contrib/105743272768828588546/reviews,2026-05-06T08:00:22.664403,Positive,0.0
